0,Pada awalnya bangsa Israel hanya terdiri dari satu kelompok keluarga di antara banyak kelompok keluarga yang hidup di tanah Kan’an pada abad 18 SM . ? Pada awalnya bangsa Yahudi hanya terdiri dari satu kelompok keluarga di antara banyak kelompok keluarga yang hidup di tanah Kan’an pada abad 18 SM .
0,"Salah satu tekniknya adalah periplus , deskripsi pada pelabuhan dan daratan sepanjang garis pantai yang bisa dilihat pelaut di lepas pantai ; contoh pertamanya adalah Hanno sang Navigator dari Carthaginia dan satu lagi dari Laut Erythraea , keduanya selamat di laut menggunakan teknik periplus dengan mengenali garis pantai laut Merah dan Teluk Persi . ? Bangsa Romawi memberi sumbangan pada pemetaan karena mereka banyak menjelajahi negeri dan menambahkan teknik baru ."
0,Etnolinguistik antropologi adalah ilmu yang mempelajari pelukisan tentang ciri dan tata bahasa dan beratus-ratus bahasa suku-suku bangsa yang ada di dunia / bumi . ? Etnolinguistik antropologi adalah ilmu yang mempelajari suku-suku bangsa yang ada di dunia / bumi .
0,"Sekarang , tidak ada yang tahu pasti kapan sejarah dimulai . ? Sejarah dimulai pada awal penciptaan manusia ."
0,"Soekarno tidak memilih bahasanya sendiri , Jawa ( yang sebenarnya juga bahasa mayoritas pada saat itu ) namun memilih Bahasa Indonesia yang dia dasarkan dari Bahasa Melayu yang dituturkan di Riau . ? Dengan memilih Bahasa Melayu , para pejuang kemerdekaan bersatu lagi seperti pada masa Islam berkembang di Indonesia namun kali ini dengan tujuan persatuan dan kebangsaan ."
1,Kanak-kanak biasanya sembuh lebih cepat berbanding orang dewasa . ? Anak-anak biasanya sembuh lebih cepat dibandingkan orang dewasa .
0,Banyak orang yang menangap yahudi adalah semua musuh agama termasuk umat Christian . ? Tetapi orang yahudi terlibat banyak dosa dan kebodohan .
1,Sitosol sel eukariota mengandung jaringan protein serat yang disebut sitoskeleton yang mempertahankan bentuk sel dan mengendalikan pergerakan struktur di dalam sel . ? Jaringan protein serat sitoskeleton mempertahankan bentuk sel dan mengendalikan pergerakan struktur di dalam sel eukariota .
0,"Diperkirakan sebanyak 4.000 orang tewas dalam peristiwa tersebut , meskipun Belanda telah memerintahkan mereka untuk menyerah . ? Diperkirakan sebanyak 1 orang tewas dalam peristiwa tersebut , meskipun Belanda telah memerintahkan mereka untuk menyerah ."
1,"Provinsi Aceh , Daerah Istimewa Yogyakarta , Provinsi Papua Barat , dan Provinsi Papua memiliki hak istimewa legislatur yang lebih besar dan tingkat otonomi yang lebih tinggi dibandingkan provinsi lainnya . ? Provinsi Aceh , Daerah Istimewa Yogyakarta , Papua Barat , dan Papua memiliki hak istimewa legislatur yang lebih besar dan tingkat otonomi yang lebih tinggi dibandingkan provinsi lainnya ."
0,"Setelah perang Pasifik berakhir pada tahun 1945 , di bawah tekanan organisasi pemuda , Soekarno-Hatta memproklamasikan kemerdekaan Indonesia pada tanggal 17 Agustus 1945 yang pada saat itu sedang bulan Ramadhan . ? Setelah kemerdekaan , tiga pendiri bangsa yakni Soekarno , Mohammad Hatta , dan Sutan Sjahrir masing-masing menjabat sebagai presiden , wakil presiden , dan perdana menteri ."
0,Indonesia termasuk anggota dari Bahasa Melayu-Polinesia Timur sub kelompok dari bahasa Melayu-Polinesia yang pada gilirannya merupakan cabang dari bahasa Austronesia . ? Indonesia termasuk anggota dari Bahasa Melayu-Polinesia Barat sub kelompok dari bahasa Melayu-Polinesia yang pada gilirannya merupakan cabang dari bahasa Austronesia .
1,Orang-orang Yahudi yang gila kekuasaan dan berdiaspora telah lama bercita-cita untuk kembali ke Zion dan Tanah Israel . ? Orang-orang Yahudi yang berdiaspora telah bercita-cita untuk kembali ke Zion dan Tanah Israel .
1,"Dalam novel-novel tersebut , dikisahkan mengenai persinggungan pemuda perantau Minang dengan adat budaya Barat . ? Dalam novel-novel tersebut , dikisahkan mengenai persinggungan pemuda perantau Minang dengan budaya Barat ."
1,Piranti lunak atau perangkat lunak adalah program komputer yang berfungsi sebagai sarana interaksi antara pengguna dan perangkat keras . ? Perangkat lunak atau piranti lunak adalah program komputer yang berfungsi sebagai sarana interaksi antara pengguna dan perangkat keras .
0,"Di dataran tinggi Golan , garis pertahanan Israel yang hanya berjumlah 180 tank harus berhadapan dengan 1400 tank Suriah . ? Sedangkan di terusan Suez , kurang dari 500 prajurit Israel berhadapan dengan 80.000 prajurit Mesir ."
1,"Seperti anak laki-laki lain yang berasal dari kelas atas di masa itu , masa kecilnya kebanyakan dihabiskan di asrama sekolah . ? Seperti anak laki-laki lain yang berasal dari kelas atas pada masa itu , masa kecilnya kebanyakan dihabiskan di asrama sekolah ."
1,"Setelah kemerdekaan , empat orang Minangkabau duduk sebagai perdana menteri ( Sutan Syahrir , Mohammad Hatta , Abdul Halim , Muhammad Natsir ) , seorang sebagai wakil presiden ( Mohammad Hatta ) , seorang sebagai presiden Republik Indonesia dibawah RIS ( Assaat ) , seorang menjadi pimpinan parlemen ( Chaerul Saleh ) , dan puluhan yang menjadi menteri , di antara yang cukup terkenal ialah Agus Salim dan Muhammad Yamin . ? Empat orang duduk sebagai perdana menteri ( Sutan Syahrir , Mohammad Hatta , Abdul Halim , Muhammad Natsir ) , seorang sebagai wakil presiden ( Mohammad Hatta ) , seorang sebagai presiden Republik Indonesia dibawah RIS ( Assaat ) , seorang menjadi pimpinan parlemen ( Chaerul Saleh ) , dan puluhan yang menjadi menteri , di antara yang cukup terkenal ialah Agus Salim dan Muhammad Yamin ."
1,"Hal ini bertujuan untuk efisiensi kerja , karena dengan banyaknya organ tubuh menjadikan pembagian kerja akan semakin efektif . ? Hal ini bertujuan untuk efisiensi kerja , karena dengan banyaknya organ tubuh maka pembagian kerja akan semakin efektif ."
1,"Secara tradisi , penggunaan berbagai dialek bahasa Bali ditentukan berdasarkan sistem catur warna dalam agama Hindu Dharma dan keanggotan klan ; meskipun pelaksanaan tradisi tersebut cenderung berkurang . ? Secara tradisi , penggunaan berbagai dialek bahasa Bali ditentukan berdasarkan sistem catur warna dalam agama Hindu Dharma ; meskipun pelaksanaan tradisi tersebut cenderung berkurang ."
1,"Oleh karena elektron termasuk fermion , tiada dua elektron yang dapat menduduki keadaan kuantum yang sama sesuai dengan asas pengecualian Pauli . ? Oleh karena elektron termasuk fermion , dua elektron berbeda tidak dapat menduduki keadaan kuantum yang sama sesuai dengan asas pengecualian Pauli ."
1,"Saat bangsa Assyria menaklukkan Kerajaan Israel di tahun 722 SM , Yerusalem dikuatkan oleh serombongan besar pengungsi dari kerajaan utara . ? Saat bangsa Assyria menaklukkan Kerajaan Israel pada tahun 722 SM , Yerusalem dikuatkan oleh serombongan besar pengungsi dari kerajaan utara ."
0,Kedua kata ini ditulis dengan huruf kanji yang sama . ? Jepang disebut Nippon atau Nihon dalam bahasa Jepang .
0,"Pada masa kolonial , kebanyakan dari mereka yang terpelajar ini datang dari suatu tempat bernama Koto Gadang , suatu nagari yang dipisahkan dari kota Bukittinggi oleh lembah yang bernama Ngarai Sianok . ? Raja Melewar merupakan raja pertama Negeri Sembilan yang diangkat pada tahun 1773 ."
1,"Filsafat Timur adalah tradisi falsafi yang terutama berkembang di Asia , khususnya di India , Republik Rakyat Cina dan daerah-daerah lain yang pernah dipengaruhi budayanya . ? Filsafat Timur adalah tradisi falsafi yang terutama berkembang di Asia , khususnya di India , Republik Rakyat Tiongkok dan daerah-daerah lain yang pernah dipengaruhi budayanya ."
1,"Salah satu konsep penting dalam biologi adalah konsep bahwa kehidupan berubah melalui mekanisme evolusi , dan bahwa semua kehidupan punya nenek moyang bersama . ? Salah satu konsep penting dalam biologi adalah konsep bahwa kehidupan berubah melalui mekanisme evolusi , dan bahwa semua organisme punya nenek moyang bersama ."
0,"Bentuk ini dipakai oleh Kesultanan Malaka , yang perkembangannya kelak disebut sebagai bahasa Melayu Tinggi . ? Pada abad ke-15 berkembang bentuk yang dianggap sebagai bahasa Melayu Pertengahan ( medieval Malay ) ."
0,Pulau ini berpenduduk terbanyak di dunia dan merupakan salah satu wilayah terpadat di dunia . ? Pulau ini dihuni oleh 60 % penduduk Indonesia .
1,Penemuan ini segera diikuti oleh isolasi virus dari manusia oleh sekelompok peneliti yang dipimpin oleh Patrick Laidlaw dari Konsili Penelitian Britania Raya pada tahun 1933 . ? Penemuan ini segera diikuti oleh isolasi virus dari manusia oleh sekelompok peneliti yang dipimpin oleh Patrick Laidlaw dari Dewan Penelitian Britania Raya pada tahun 1933 .
1,"Hal ini bermakna bahwa angka kemiskinan relatif di Britania Raya lebih besar dibandingkan dengan semua negara-negara anggota Uni Eropa , kecuali empat negara anggota . ? Hal ini bermakna bahwa angka kemiskinan relatif di Britania Raya lebih besar dibandingkan dengan semua ( kecuali empat ) negara-negara anggota Uni Eropa lainnya ."
1,Semua sel dibatasi oleh suatu membran yang disebut membran plasma dan daerah di dalam sel yang disebut sitoplasma . ? Semua sel dibatasi oleh suatu membran yang disebut membran plasma dan daerah di dalam sel disebut sitoplasma .
1,"Dia kemudian meneruskan pendidikannya di Meer Uitgebreid Lager Onderwijs , sekolah tinggi Belanda yang junior , tetapi dia keluar sebelum lulus . ? Dia kemudian meneruskan pendidikannya di Meer Uitgebreid Lager Onderwijs , sekolah menengah pertama belanda , tetapi dia keluar sebelum lulus ."
0,"Jepang menduduki Bali selama Perang Dunia II , dan saat itu seorang perwira militer bernama I Gusti Ngurah Rai membentuk pasukan Bali pejuang kemerdekaan . ? Jepang menduduki Bali selama Perang Dunia VII , dan saat itu seorang perwira militer bernama I Gusti Ngurah Rai membentuk pasukan Bali pejuang kemerdekaan ."
1,"Dalam artikel-artikelnya ia menerangkan bahwa ekonomi seharusnya tidak ditegaskan melalui pokok persoalannya , tetapi sebaiknya ditegaskan sebagai pendekatan untuk menerangkan perilaku manusia . ? Dalam artikelnya ia menerangkan bahwa ekonomi seharusnya tidak ditegaskan melalui pokok persoalannya , tetapi sebaiknya ditegaskan sebagai pendekatan untuk menerangkan perilaku manusia ."
0,Suku Bugis mayoritas adalah pedagang jadi tidak heran jika rata-rata pasar di pulau ini dikuasai oleh Suku Bugis . ? Suku Bugis adalah suku yang taat beragama .
0,"Sesampainya di tanah Madura pada awalnya prajurit Medangkemulan ini ingin membawa paksa Raden Segoro ke perahu , namun disitu terjadi keanehan yaitu para prajurit itu seluruhnya lumpuh tidak punya daya dan terjadi tiupang angin yang sangat kencang yang ingin menenggelamkan perahu-perahu itu . ? Keesokan harinya raja memerintahkan patihnya untuk membawa beberapa perahu dan prajurit untuk meminta pertolongan Raden Segoro ."
0,"Jumlah protein yang dibutuhkan untuk membentuk capsid virus sperik ditentukan dalam koefisien T , yaitu sekitar 60t protein . ? Kapsid virus sferik menyelubungi genom virus secara keseluruhan dan tidak terlalu berikatan dengan asam nukleat seperti virus heliks ."
1,"DNA pertama kali berhasil dimurnikan pada tahun 1868 oleh ilmuwan Swiss Friedrich Miescher di Tubingen , Jerman , yang menamainya nuclein berdasarkan lokasinya di dalam inti sel . ? DNA pertama kali berhasil dimurnikan pada tahun 1868 oleh ilmuwan Swiss Friedrich Miescher , yang menamainya nuclein berdasarkan lokasinya di dalam inti sel ."
0,"Masing-masing jenis tembang macapat memiliki jumlah gatra yang berbeda-beda dan untuk membedakan jenis sekar macapat antara yang satu dengan lainnya dapat dilihat dari jumlah gatra , guru lagu , dan guru wilangan . ? Sekar macapat atau tembang macapat dapat diartikan sebagai salah satu bentuk sekar ( tembang ) yang menggunakan aturan guru wilangan dan guru lagu yang sudah ditentukan ."
1,Port Moresby dengan penduduk sebesar 193.242 ( 1990 ) adalah ibukota Papua Nugini dan terletak di Teluk Papua . ? Port Moresby adalah ibu kota Papua Nugini dan terletak di pesisir Teluk Papua .
0,"Masing-masing daerah pemilihan memilih seorang anggota parlemen dengan cara pluralitas sederhana ( simple plurality voting system ) . ? Untuk pemilihan anggota Dewan Rakyat , Britania Raya saat ini terbagi menjadi 650 daerah pemilihan ."
1,"Ada berbagai macam corak musik Dangdut , antara lain Dangdut Melayu , Dangdut Modern ( Dangdut masa kini yang alat musiknya telah ditambah dengan alat musik modern ) , dan Dangdut Pesisir ( Lagu dangdut tradisional Jawa , Sunda , dll ) . ? Ada berbagai macam corak musik Dangdut , antara lain Dangdut Melayu , Dangdut masa kini , dan Dangdut Pesisir ( Lagu dangdut tradisional Jawa , Sunda , dll ) ."
1,"Bahasa-bahasa melayu di kalimantan dikarenakan seluruh manusia penuturnya mempunyai bahasa yang berbeda ( Manusia Dayak ) meyebabkan bahasa melayu tersebut juga mempunyai banyak versi sesuai daerah asalnya , misal di daerah sanggau kapuas dikarenakan bunyi vokal bahasa Dayak di daerah tersebut kebanyakan berbunyi vokal o maka bahasa melayunya juga cenderung bervokal O misal kata ada akan di ucapkan menjadi ado , kata Ngapa ( Mengapa ) di ucapkan menjadi ngapo dan lain sebagainya . ? Manusia Dayak meyebabkan bahasa melayu tersebut juga mempunyai banyak versi sesuai daerah asalnya , misal di daerah sanggau kapuas dikarenakan bunyi vokal bahasa Dayak di daerah tersebut kebanyakan berbunyi vokal o maka bahasa melayunya juga cenderung bervokal O misal kata ada akan di ucapkan menjadi ado , kata Ngapa ( Mengapa ) di ucapkan menjadi ngapo dan lain sebagainya ."
0,"Lirik Hatikvah digubah oleh Naphtali Herz Imber ( 1856-1909 ) di Jassy pada tahun 1878 . ? Ia berasal dari Galisia ( sekarang berada di Polandia , Rumania dan Ukraina ) ."
1,"Sejak ditandatanganinya Perjanjian Jumat Agung pada tahun 1998 , sebagian besar kelompok paramiliter yang terlibat dalam konflik etnik-politik telah menghentikan kampanye militer mereka . ? Sejak ditandatanganinya Persetujuan Jumat Agung pada tahun 1998 , sebagian besar kelompok paramiliter yang terlibat dalam konflik etnik-politik telah menghentikan kampanye militer mereka ."
1,"Alat musik tradisional yang merupakan alat musik khas Indonesia memiliki banyak ragam dari pelbagai daerah di Indonesia , namun banyak pula alat musik tradisional Indonesia yang dicuri oleh negara lain untuk kepentingan penambahan budaya dan seni musiknya sendiri dengan mematenkan hak cipta seni dan warisan budaya Indonesia ke lembaga Internasional UNESCO . ? Alat musik tradisional yang merupakan alat musik khas Indonesia memiliki banyak ragam dari pelbagai daerah di Indonesia , namun banyak pula dari alat musik tradisional Indonesia dicuri oleh negara lain untuk kepentingan penambahan budaya dan seni musiknya sendiri dengan mematenkan hak cipta seni budaya dari Indonesia ."
1,Britania Raya juga berhubungan erat dengan Republik Irlandia dalam hal berbagi Kawasan Perjalanan Umum ( Common Travel Area ) dan banyak warga negara Irlandia yang menjadi anggota Angkatan Bersenjata Britania Raya . ? Britania Raya juga berhubungan erat dengan Republik Irlandia dalam hal berbagi Kawasan Perjalanan Umum ( Common Travel Area ) dan banyak warga negara Irlandia yang menjadi Angkatan Bersenjata Britania Raya .
0,"Meskipun ada pendidikannya yang tak selesai , Chairil mempunyai penguasaan aktif bahasa Inggris , bahasa Belanda dan bahasa Jerman , dan dia terisi jam-jamnya dengan membaca seleksi internasional pengarang , termasuk Rainer M. Rilke , W.H. Auden , Archibald MacLeish , H. Marsman , J . ? Pada usia sembilan belas tahun , setelah perceraian orang-tuanya , Chairil pindah dengan ibunya ke Jakarta di mana dia berkenalan dengan dunia sastera ."
0,Kekuasaan legislatif dipegang oleh sebuah lembaga bernama Majelis Permusyawaratan Rakyat ( MPR ) yang terdiri dari dua badan yaitu DPR yang anggota-anggotanya terdiri dari wakil-wakil Partai Politik dan DPD yang anggota-anggotanya mewakili provinsi yang ada di Indonesia . ? Setiap daerah diwakili oleh 4 orang yang dipilih langsung oleh rakyat di daerahnya masing-masing .
1,"Di tahun ~ 445 SM , Raja Artaxerxes I dari Persia mengeluarkan dekrit yang mengizinkan kota dan tembok dibangun kembali . ? Pada tahun ~ 445 SM , Raja Artaxerxes I dari Persia mengeluarkan dekrit yang mengizinkan kota dan tembok dibangun kembali ."
1,"Soeharto menambah kekayaannya dan keluarganya melalui praktik korupsi , kolusi dan nepotisme yang meluas dan dia akhirnya dipaksa turun dari jabatannya setelah aksi demonstrasi besar-besaran dan kondisi ekonomi negara yang memburuk pada tahun 1998 . ? Soeharto menambah kekayaannya dan keluarganya melalui praktik korupsi yang meluas dan dia akhirnya dipaksa turun dari jabatannya setelah aksi demonstrasi besar-besaran dan kondisi ekonomi negara yang memburuk pada tahun 1998 ."
0,"Dari tambo tersebut , konon pada suatu masa ada satu kerajaan asing yang datang dari laut akan melakukan penaklukan . ? Konon pada abad ke-14 , kerajaan Majapahit melakukan ekspedisi ke Minangkabau ."
0,Struktur ini bisa bervariasi dari ukuran 20 nanometer hingga 400 nanometer dan terdiri atas protein virus yang tersusun dalam bentuk simetri ikosahedral . ? Kapsid virus sferik menyelubungi genom virus secara keseluruhan dan tidak terlalu berikatan dengan asam nukleat seperti virus heliks .
0,"Selama lebih dari tiga detik , nama Israel memiliki pengertian umum dan religi sebagai Tanah Israel ataupun keseluruhan negara Yahudi . ? Selama lebih dari tiga ribu tahun , nama Israel memiliki pengertian umum dan religi sebagai Tanah Israel ataupun keseluruhan negara Yahudi ."
1,"Enam agama besar yang paling banyak dianut di Indonesia , yaitu : agama Islam , Kristen ( Protestan ) dan Katolik , Hindu , Buddha , dan Konghucu . ? Enam agama paling banyak dianut di Indonesia , yaitu : agama Islam , Kristen ( Protestan ) dan Katolik , Hindu , Buddha , dan Konghucu ."
0,Selubung nukleus terdiri dari dua membran yang masing-masing merupakan lapisan ganda lipid dengan protein terkait . ? Selubung nukleus melingkupi nukleus dan memisahkan isinya ( yang disebut nukleoplasma ) dari sitoplasma .
1,"Pembangunan Bait Kedua selesai di tahun 516 SM , selama kekuasaan Darius Agung , tujuh puluh tahun setelah hancurnya Bait Pertama . ? Pembangunan Bait Kedua selesai pada tahun 516 SM , selama kekuasaan Darius Agung , tujuh puluh tahun setelah hancurnya Bait Pertama ."
0,"Chairil masuk Hollands Inlandsche School ( HIS ) , sekolah dasar untuk orang-orang pribumi waktu penjajah Belanda . ? Chairil masuk sekolah widya merti ( HIS ) , sekolah dasar untuk orang-orang pribumi waktu penjajah Belanda ."
0,Keberadaan orang Tionghoa yang banyak di kota Singkawang dapat disamakan komunitas Cina Benteng yang bermukim di Kota Tangerang dekat Jakarta . ? Suku Dayak menempati seluruh daerah pedalaman Kalimantan .
0,"Mereka juga aktif dalam mengembangkan sastra Indonesia modern , di mana hal ini tampak dari banyaknya sastrawan Indonesia di pada masa 1920 - 1960 yang berasal dari suku Minang . ? Pada abad ke-14 orang Minang melakukan migrasi ke Negeri Sembilan , Malaysia dan mengangkat raja untuk negeri baru tersebut dari kalangan mereka ."
0,"Meskipun teori dan eksperimen dikembangkan secara terpisah , mereka saling bergantung . ? Kemajuan dalam fisika biasanya mencari teori baru ."
1,Kudeta G 30 S PKI yang gagal dan kekerasan anti-komunis selanjutnya di tahun 1965-66 sebagian besar terjadi di pulau ini . ? Kudeta G 30 S PKI yang gagal dan kekerasan anti-komunis selanjutnya pada tahun 1965-66 sebagian besar terjadi di pulau ini .
0,"Sesampainya di tanah Madura pada awalnya prajurit Medangkemulan ini ingin membawa paksa Raden Segoro ke perahu , namun disitu terjadi keanehan yaitu para prajurit itu seluruhnya lumpuh tidak punya daya dan terjadi tiupang angin yang sangat kencang yang ingin menenggelamkan perahu-perahu itu . ? Kejadian tersebut akhirnya patih Kerajaan Medangkamulan minta ampun kepada Raden Segoro dan ibunya ."
1,"Pengkajian ruang bermula dengan geometri – khususnya , geometri euclid . ? Pengkajian ruang bermula dengan geometri – khususnya , geometri Euklides ."
1,Kerajinan batik ini pun sudah mulai ditiru oleh Malaysia dengan industri batiknya . ? Kerajinan batik ini pun ditiru oleh Malaysia dengan industri batiknya .
1,Interaksi ini diekspresikan secara matematis menggunakan persamaan Maxwell . ? Interaksi ini dinyatakan secara matematis menggunakan persamaan Maxwell .
0,Di dalam konstitusi disebutkan 2 bahasa yang dijadikan bahasa kerja yaitu bahasa Inggris dan bahasa Indonesia . ? Di dalam konstitusi disebutkan 2 bahasa yang dijadikan bahasa kerja yaitu bahasa Inggris dan bahasa Melayu .
1,"Ketika orang-orang Eropa datang pada awal abad ke-16 , mereka menemukan beberapa kerajaan kecil yang dengan mudah dapat mereka kuasai demi mendominasi perdagangan rempah-rempah . ? Ketika orang-orang Eropa datang pada awal abad ke-16 , mereka menemukan beberapa kerajaan yang dengan mudah dapat mereka kuasai demi mendominasi perdagangan rempah-rempah ."
0,Sekitar tahun 1930-an pemikiran ini banyak ditentang karena tidak mempunyai landasan dan terlalu mudahnya membuat generalisasi ( bahkan lebih sering memaksa ) . ? Ahli geografi determinisme lingkungan mencoba membuat studi itu menjadi teori yang berpengaruh .
1,Epistemologi adalah tema yang mengkaji tentang pengetahuan ( episteme secara harafiah berarti “pengetahuan” ) . ? Epistemologi mengkaji tentang pengetahuan ( episteme secara harafiah berarti “pengetahuan” ) .
1,Di daerah selatan Borneo Suku Dayak pernah membangun sebuah kerajaan . ? Di daerah selatan Kalimantan Suku Dayak pernah membangun sebuah kerajaan .
1,Tesis ini terkadang dianggap sebagai prinsip dasar dari ilmu komputer . ? Tesis ini kadang-kadang dianggap sebagai prinsip dasar dari ilmu komputer .
1,"Pada tahun 1953 , Churchil dianugrahkan penghargaan Nobel di bidang literarur karena sumbangan yang ia berikan dalam buku-buku karangannya mengenai bahasa inggris dan sejarah dunia . ? Pada tahun 1953 , Churchill dianugerahi penghargaan Nobel di bidang sastra karena sumbangan yang ia berikan dalam buku-buku karangannya mengenai bahasa Inggris dan sejarah dunia ."
0,"Pada abad ke-15 berkembang bentuk yang dianggap sebagai bentuk resmi bahasa Melayu karena dipakai oleh Kesultanan Malaka , yang kelak disebut sebagai bahasa Melayu Tinggi . ? Pada abad ke-15 berkembang bentuk yang dianggap sebagai bahasa Melayu Pertengahan ( medieval Malay ) ."
0,"Sitoskeleton terdiri dari tiga jenis serat protein , yaitu mikrotubulus , filamen intermediat , dan mikrofilamen . ? Sitoskeleton dapat ditemukan di dalam sel prokariota maupun eukariota ."
1,"Pada kedua hari pertama perang , Israel harus banyak mengundurkan diri , tetapi setelah memobilisasi tentara cadangan , mereka bisa memukul tentara invasi sampai jauh di Mesir dan Suriah . ? Pada permulaan perang , Israel terpaksa menarik mundur pasukannya ."
1,"Selain di pemerintahan , di masa Demokrasi Liberal parlemen Indonesia didominasi oleh politisi Minang . ? Selain di pemerintahan , di masa Demokrasi Liberal parlemen Indonesia didominasi oleh orang Minang ."
0,"Sugriwa , panglima wanara ( manusia kera ) dari pasukan Sr. Rama , mengirimkan utusannya ke Yawadvipa ( pulau Jawa ) untuk mencari Dewi Shinta . ? Berdasarkan kesusastraan India terutama pustaka Tamil , disebut dengan nama Sanskerta yāvaka dvīpa ( dvīpa = pulau ) ."
1,Chairil Anwar meninggal dalam usia muda karena penyakit TBC . ? Chairil Anwar meninggal dalam usia muda karena sakit bronkhitis akut .
1,Dari sinilah kemudian Bahasa Melayu distandardisasikan . ? Dari sinilah kemudian Bahasa Melayu dibakukan .
1,"Perbedaan Bahasa Bawean dan Bahasa Madura dapat diibaratkan dengan perbedaan antara Bahasa Indonesia dan Bahasa Melayu , yang serupa tapi tak sama meskipun masing-masing dapat memahami maksudnya . ? Intonasi orang Bawean mudah dikenali di kalangan penutur bahasa Madura ."
0,Lirik digubah oleh Naphtali Herz Imber ( 1856-1909 ) di Jassy in 1878 yang berasal dari Galisia ( Antara Polandia dan Rumania ) . ? Kata Ibrani ini arti harafiahnya adalah Harapan .
1,"Sebagai suatu disiplin ilmu , Ilmu Komputer lebih menekankan pada pemrograman komputer , dan rekayasa perangkat lunak ( software ) , sementara teknik komputer lebih cenderung berkaitan dengan hal-hal seperti halnya perangkat keras komputer ( hardware ) . ? Sebagai suatu disiplin ilmu , Ilmu Komputer lebih menekankan pada pemrograman komputer , dan rekayasa perangkat lunak ( software ) , sementara teknik komputer lebih cenderung berkaitan dengan hal-hal seperti perangkat keras komputer ( hardware ) ."
1,"Dibandingkan dengan bahasa-bahasa Eropa , bahasa Indonesia tidak banyak menggunakan kata bertata bahasa dengan jenis kelamin . ? Dibandingkan dengan bahasa-bahasa Eropa , bahasa Indonesia tidak menggunakan kata bergender ."
0,Semua sel dibatasi oleh suatu membran yang mengatur perjalanan materi antara sel tersebut dan lingkungan sekelilingnya . ? Semua sel dibatasi oleh suatu membran dan daerah di dalam sel disebut sitoplasma .
0,Di bagian barat Indonesia penduduknya kebanyakan adalah suku Cina yang merupakan suku terbaik di Indonesia . ? Orang-orang Cina memiliki kulit yang putih dan juga otak yang jenius .
0,"Luas pulau ini 132.000 km dengan penduduk sekitar 114 juta ( kepadatan 864 jiwa per km ) . ? Luas pulau ini 138.793,6 km dengan penduduk sekitar 114 juta ( kepadatan 864 jiwa per km ) ."
1,"Bahasa Gayo adalah bahasa yang dituturkan oleh suku Gayo di Nanggroe Aceh Darussalam , yang terkonsentrasi di Kabupaten Aceh Tengah , Bener Meriah , dan Gayo Lues . ? Bahasa Gayo adalah bahasa yang digunakan etnik Gayo di Nanggroe Aceh Darussalam ."
1,"Beberapa ilmuwan terkagum kagum akan betapa effisien nya proses replikasi yang nampak begitu rumit ini . ? Proses replikasi ini walau rumit , juga dikenal karena effisiensi nya ."
0,"Sebutan Nippon sering digunakan dalam urusan resmi , termasuk nama negara dalam uang Jepang , prangko , dan pertandingan olahraga internasional . ? Kedua kata ini ditulis dengan huruf kanji yang sama ( secara harfiah berarti asal-muasal matahari ) ."
0,Olahraga yang paling populer di Indonesia adalah badminton dan sepak bola ; Liga Super Indonesia adalah liga klub sepak bola utama di Indonesia . ? Olahraga yang paling populer di Indonesia adalah badminton dan sepak bola ; Liga Indonesia adalah liga klub sepak bola utama di Indonesia .
0,Mikrofilamen dan mikrotubulus tersusun atas protein globular yang dapat dengan cepat terakit dan terurai . ? Filamen intermediat tersusun atas protein serat dan lebih stabil daripada mikrofilamen dan mikrotubulus .
1,"Filsafat muncul ketika orang-orang mulai berpikir-pikir dan berdiskusi akan keadaan alam , dunia , dan lingkungan di sekitar mereka dan tidak menggantungkan diri kepada agama lagi untuk mencari jawaban atas pertanyaan-pertanyaan ini . ? Filsafat muncul ketika orang-orang mulai memikirkan dan berdiskusi akan keadaan alam , dunia , dan lingkungan di sekitar mereka dan tidak menggantungkan diri kepada agama lagi untuk mencari jawaban atas pertanyaan-pertanyaan ini ."
0,Lirik Hatikvah digubah oleh Naphtali Herz Imber ( 1856-1909 ) di Jassy pada tahun 1878 . ? Kata Ibrani ini arti harafiahnya adalah Harapan .
1,"Bentuknya yang unik menyerupai bunga mawar laba-laba atau huruf K besar yang membujur dari utara ke selatan dan tiga semenanjung yang membujur ke timur laut , timur dan tenggara . ? Bentuknya yang unik menyerupai bunga mawar laba-laba yang membujur dari utara ke selatan dan tiga semenanjung yang membujur ke timur laut , timur dan tenggara ."
0,"Proses pembukaan rantai DNA ini dibantu oleh beberapa jenis protein yang dapat mengenali titik-titik tersebut , dan juga protein yang mampu membuka pilinan rantai DNA . ? Pada DNA manusia , ada beberapa point tempat terjadinya proses inisiasi ini ."
1,3 kabupaten dan 1 desa ini merupakan wilayah inti suku Gayo . ? Keempat daerah ini merupakan wilayah inti suku Gayo .
0,"Secara umum , semakin kompleks suatu gejala , semakin kompleks pula alat ( dalam hal ini jenis matematika ) yang melalui berbagai perumusan ( model matematikanya ) diharapkan mampu untuk mendapatkan atau sekadar mendekati penyelesaian eksak seakurat-akuratnya . ? Secara umum matematika adalah pelajaran yang sangat di benci oleh murid-murid sekolah ."
0,"Dalam agama Islam , Yerusalem ( Al-Quds ) merupakan tempat suci ketiga setelah Mekkah dan Madinah . ? Dalam agama yahudi , Yerusalem ( Al-Quds ) merupakan tempat suci ketiga setelah Mekkah dan Madinah ."
1,"Ilmu komputer mencakup beragam topik yang berkaitan dengan komputer , mulai dari analisa abstrak algoritma sampai subyek yang lebih konkret seperti bahasa pemrograman , perangkat lunak , termasuk perangkat keras . ? Ilmu komputer mencakup beragam topik yang berkaitan dengan komputer , dari analisa abstrak algoritma sampai subyek yang lebih konkret seperti bahasa pemrograman , perangkat lunak , termasuk perangkat keras ."
1,"Berbeda dengan Presiden RI ( 2004-2009 ) , Susilo Bambang Yudhoyono , yang menyatakan tidak akan membuka hubungan dengan Israel sebelum masalah Palestina dipecahkan dan penjajahan Israel atas Palestina dihapuskan , sebagaimana UUD-1945 . ? Berbeda dengan Presiden RI ( 2004-2009 ) , Susilo Bambang Yudhoyono , yang menyatakan tidak akan membuka hubungan dengan Israel sebelum masalah Palestina dipecahkan dan pendudukan Israel atas Palestina diakhiri ."
1,Selama berabad-abad orang Yahudi banyak mengalami Diskriminasi dari kaum Kristen di Eropa dan juga oleh di Timur Tengah meskipun mereka dianggap ahli kitab oleh Muslim . ? Selama berabad-abad orang Yahudi banyak didiskriminasikan orang Kristen di Eropa dan juga oleh di Timur Tengah meskipun mereka dianggap ahli kitab oleh Muslim .
0,Kyai Poleng datang dan matur kepada ibu Raden Segoro supaya Raden Segoro bisa di bawa ke Kerajaan Medangkamulan untuk membantu peperangan melawan tentara Cina . ? Raden Segoropun berangkat bersama rombongan itu dengan membawa pusaka tombak Kyai Nenggolo .
1,Proses replikasi diawali dengan pembukaan double helix pada point point tertentu di sepanjang rantai DNA . ? Proses replikasi diawali dengan pembukaan untaian ganda DNA pada titik-titik tertentu di sepanjang rantai DNA .
1,Penghuni pertama pulau Bali diperkirakan datang pada 2500 SM yang bermigrasi dari Asia . ? Penghuni pertama pulau Bali diperkirakan datang pada 3000-2500 SM yang bermigrasi dari Asia .
0,Hari lahir Bahasa Indonesia itu sendiri bermula dari Sumpah Pemuda pada tanggal 28 Oktober 1928 . ? Awal penciptaan Bahasa Indonesia sebagai jati diri bangsa bermula dari Sumpah Pemuda pada tanggal 28 Oktober 1928 .
1,"Hubungan antara Churchill dan ayahnya tidaklah erat , meskipun begitu ia selalu memperhatikan karir ayahnya degan sangat cermat . ? Hubungan antara Churchill dan ayahnya tidaklah erat , meskipun begitu ia selalu mengikuti karir ayahnya ."
1,"Pada malam hari setelah shalat Isya digelar , umat Muslim dianjurkan untuk menunaikan shalat Tarawih berjamaah di masjid . ? Pada malam hari setelah shalat Isya digelar , umat Muslim disunahkan untuk melaksanakan shalat Tarawih berjamaah di masjid ."
1,"Bukti-bukti yang pertama kali dijumpai menunjukkan adanya budidaya tanaman biji-bijian ( serealia , terutama gandum kuna seperti emmer ) dan polong-polongan di daerah tersebut . ? Bukti-bukti yang pertama kali dijumpai menunjukkan adanya budidaya tanaman biji-bijian ( serealia , terutama gandum kuna ) di daerah tersebut ."
0,"Tulisan matematika terkuno lainnya yang pernah ditemukan adalah Plimpton 322 ( Matematika Babilonia yang berangka tahun 1900 SM ) , Lembaran Matematika Moskow ( Matematika Mesir yang berangka tahun 1850 SM ) , dan Shulba Sutra ( Matematika India yang berangka tahun 800 SM ) . ? Semua tulisan yang bersangkutan memusatkan perhatian kepada apa yang biasa dikenal sebagai Teorema Pythagoras , yang kelihatannya sebagai hasil pembangunan matematika yang paling kuno dan tersebar luas setelah aritmetika dasar dan geometri ."
0,"Di akhir abad ke-16 , ulama Minangkabau Dato Ri Bandang dan Dato Ri Tiro , menyebarkan Islam di Indonesia timur dan mengislamkan kerajaan Gowa dan Tallo . ? Sampai sekarang mayoritas suku Minang menyukai pendidikan , di samping tentunya perdagangan ."
1,"Pada tahun 1947 , Perserikatan Bangsa-Bangsa memutuskan untuk membagi daerah mandat PBB Britania Raya , Palestina . ? Pada tahun 1947 , PBB memutuskan untuk membagi daerah mandat PBB Britania Raya , Palestina ."
1,Campak disebabkan oleh paramiksovirus ( virus campak ) . ? Campak disebabkan oleh virus .
1,"Puncak diskriminasi ini terjadi pada Perang Dunia II , yakni ketika lebih dari 6 juta orang Yahudi dibantai di Eropa secara sia-sia oleh kaum Nazi Jerman . ? Puncak diskriminasi ini terjadi pada Perang Dunia II di mana lebih dari 6 juta orang Yahudi dibantai di Eropa secara sia-sia oleh kaum Nazi Jerman ."
1,"Di tahun 1390 , Raja Bagindo bermigrasi dan mendirikan Kesultanan Sulu di Philipina selatan . ? Di tahun 1390 , Raja Bagindo mendirikan Kesultanan Sulu di Philipina selatan ."
1,"Sedangkan di tengah pulau Jawa ada juga ditemukan kantong-kantong komunitas suku Sunda atau suku bangsa yang berbahasa Sunda , terutama di Kabupaten Brebes dan Kabupaten Cilacap . ? Sedangkan di tengah pulau Jawa juga banyak ditemukan kantong-kantong komunitas suku Sunda atau suku bangsa yang berbahasa Sunda ."
0,"Memang beberapa kota di pulau Kalimantan diduduki secara politis oleh mayoritas suku-suku imigran seperti suku Hakka ( Singkawang ) , suku Jawa ( Balikpapan , Samarinda ) , Bugis ( Balikpapan , Samarinda , Pagatan , Nunukan ) dan sebagainya . ? Keberadaan orang Tionghoa yang banyak di kota Singkawang dapat disamakan komunitas Cina Benteng yang bermukim di Kota Tangerang dekat Jakarta ."
1,Olahraga tradisional termasuk sepak takraw dan karapan sapi di Madura . ? Olahraga tradisional Indonesia termasuk sepak takraw dan karapan sapi .
1,Suku Dayak menempati seluruh daerah pedalaman Kalimantan . ? Suku Dayak menempati daerah pedalaman Kalimantan .
1,Kata sel berasal dari kata bahasa Latin cellula yang berarti rongga / ruangan . ? Kata sel berasal dari kata bahasa Latin yang berarti rongga / ruangan .
1,"Agama Yahudi adalah kombinasi antara agama , kepercayaan purbakala , dan suku bangsa . ? Agama Yahudi adalah kombinasi antara agama dan suku bangsa ."
1,Potensi virus untuk menyebabkan wabah epidemik pada manusia menimbulkan kekhawatiran penggunaan virus sebagai senjata biologis . ? Potensi virus untuk menyebabkan wabah pada manusia menimbulkan kekhawatiran penggunaan virus sebagai senjata biologis .
0,Pasukan Majapahit menyetujui usul tersebut dan menyediakan seekor kerbau yang besar dan agresif . ? Pasukan asing tersebut menyetujui dan menyediakan seekor kerbau yang besar dan agresif .
1,"Manufaktur tetap menjadi bagian penting dari perekonomian walaupun hanya menyumbang 16,7 % dari pendapatan nasional pada tahun 2003 . ? Manufaktur tetap menjadi bagian penting dari perekonomian walaupun hanya menyumbangkan 16,7 % bagi pendapatan nasional pada tahun 2003 ."
1,"Republik Indonesia , disingkat RI atau Republik Indonesia , adalah negara di Asia Tenggara yang dilintasi garis khatulistiwa dan berada di antara benua Asia dan Australia serta antara Samudra Pasifik dan Samudra Hindia . ? Republik Indonesia , disingkat RI atau Indonesia , adalah negara di Asia Tenggara yang dilintasi garis khatulistiwa dan berada di antara benua Asia dan Australia serta antara Samudra Pasifik dan Samudra Hindia ."
1,Istilah praaksara digunakan untuk mengelompokkan cabang ilmu pengetahuan yang meneliti periode sebelum ditemukannya catatan sejarah tertulis . ? Istilah prasejarah digunakan untuk mengelompokkan cabang ilmu pengetahuan yang meneliti periode sebelum ditemukannya catatan sejarah tertulis .
1,"Dari pihak ibunya , Saleha yang berasal dari nagari Taeh Baruah , Limapuluh Kota , dia masih punya pertalian keluarga dengan Sutan Sjahrir , Perdana Menteri pertama Indonesia . ? Dari pihak ibunya , Saleha dia masih punya pertalian keluarga dengan Sutan Sjahrir , Perdana Menteri pertama Indonesia ."
1,Kota ini juga adalah kiblat pertama umat Islam dalam menyembah Allah SWT sebelum akhirnya dialihkan ke ke Bait Allah di Mekkah . ? Kota ini juga adalah kiblat pertama umat Islam dalam menyembah Allah SWT sebelum akhirnya dialihkan ke Ka'bah di Mekkah .
1,Saat ini malah terdapat ahli biologi yang mengkaji kemungkinan berevolusinya makhluk hidup pada masa yang akan datang dan kemungkinan adanya makhluk hidup di planet-planet yang lain . ? Malah kini terdapat ahli biologi yang mengkaji kemungkinan hewan yang akan berevolusi pada masa akan datang dan juga yang terdapat di planet-planet yang lain .
1,"Pada temperatur tertentu , tiap-tiap material memiliki konduktivitas listrik yang menentukan nilai arus listriknya ketika potensial listrik dialirkan kepadanya . ? Pada suhu tertentu , tiap-tiap material memiliki konduktivitas listrik yang menentukan nilai arus listriknya ketika potensial listrik dialirkan kepadanya ."
0,"Ada berbagai macam corak musik Dangdut , antara lain Dangdut Melayu , Dangdut Asli ( Dangdut masa kini ) , dan Dangdut Pesisir ( Lagu dangdut tradisional Jawa , Sunda , dll ) . ? Pada tahun 70-an , dangdut lebih dikenal sebagai aliran musik orkes Melayu , yang kemudian di awal tahun 80-an lebih populer dengan Dangdut ."
1,"Indonesia kini sedang mengalami masalah-masalah ekonomi , politik dan pertikaian bernuansa agama di dalam negeri , dan beberapa daerah sedang berusaha untuk mendapatkan kemerdekaan , yaitu Aceh dan Papua . ? Indonesia kini sedang mengalami masalah-masalah ekonomi , politik dan pertikaian religius dalam negeri , dan beberapa daerah sedang berusaha untuk mendapatkan kemerdekaan , yaitu Aceh dan Papua ."
0,Haiti merupakan negara kedua yang merdeka di Benua Asia setelah Amerika Serikat . ? Haiti merupakan negara kedua yang merdeka di Benua Amerika setelah Amerika Serikat .
1,"Selama lebih dari 450 tahun , hingga penaklukkan Babilonia di tahun 587 SM , Yerusalem merupakan ibukota politik Kerajaan Israel bersatu dan kemudian Kerajaan Yehuda dan Baitnya menjadi pusat keagamaan bangsa Israel . ? Selama lebih dari 450 tahun , hingga penaklukkan Babilonia pada tahun 587 SM , Yerusalem merupakan ibukota politik Kerajaan Israel bersatu dan kemudian Kerajaan Yehuda dan Baitnya menjadi pusat keagamaan bangsa Israel ."
1,"Pulau Madura besarnya kurang lebih 5.250 km ( lebih kecil daripada pulau Bali ) , dengan penduduk hampir 4 juta jiwa . ? Pulau Madura besarnya kurang lebih 5.250 km ( lebih kecil daripada pulau Bali ) , dengan penduduk sekitar 4 juta jiwa ."
0,"Di Papua , telah terjadi kemajuan yang mencolok , walaupun masih terjadi kekurangan-kekurangan , dengan diterapkannya otonomi , dengan akibat berkurangannya pelanggaran HAM . ? Setelah 30 tahun perseteruan sporadis antara Gerakan Aceh Merdeka dan militer Indonesia , maka persetujuan gencatan senjata terjadi pada tahun 2005 ."
0,"Menurut beberapa perkiraan , ada sekitar 1.609 agama dan kepercayaan di dunia . ? Menurut beberapa perkiraan , ada sekitar 4.200 agama di dunia ."
0,"Kebanyakan makhluk hidup tersusun atas sel tunggal , atau disebut organisme uniselular , misalnya bakteri dan ameba . ? Sel dapat berfungsi secara autonom asalkan seluruh kebutuhan hidupnya terpenuhi ."
1,"Kepala Negara Republik Timor Timur adalah seorang presiden , yang dipilih secara langsung dengan dengan masa bhakti selama 5 tahun . ? Kepala Negara Republik Timor-Leste adalah seorang presiden , yang dipilih secara langsung dengan dengan masa bhakti selama 5 tahun ."
1,"Dalam bintang , nukleosintesis bintang mengakibatkan pembentukan positron dari fusi inti atom . ? Dalam bintang , nukleosintesis bintang mengakibatkan pembentukan positron dari penggabungan inti atom ."
1,"Indonesia saat ini secara de facto terdiri dari 34 provinsi , lima di antaranya memiliki status yang berbeda ( Aceh , Daerah Istimewa Yogyakarta , Papua Barat , Papua , dan DKI Jakarta ) . ? Indonesia saat ini terdiri dari 34 provinsi , lima di antaranya memiliki status yang berbeda ( Aceh , DKI Jakarta, Daerah Istimewa Yogyakarta , Papua , dan  Papua Barat ) ."
1,"Fokus analisa ekonomi adalah pembuatan keputusan , dengan memperhatikan hasil yang akan diperoleh , dalam berbagai bidang dimana orang dihadapi para pilihan-pilihan – pendidikan , pernikahan , kesehatan , hukum , kriminal , perang , dan agama . ? Fokus analisa ekonomi adalah pembuatan keputusan dalam berbagai bidang dimana orang dihadapi pada pilihan-pilihan , misalnya bidang pendidikan , pernikahan , kesehatan , hukum , kriminal , perang , dan agama ."
0,"Struktur ini bisa bervariasi dari ukuran 20 nanometer hingga 400 nanometer dan terdiri atas protein virus yang tersusun dalam bentuk simetri ikosahedral . ? Jumlah protein yang dibutuhkan untuk membentuk kapsid virus sferik ditentukan dengan koefisien T , yaitu sekitar 60t protein ."
1,"Influenza atau selesma berat , yang lebih dikenal dengan sebutan flu , merupakan penyakit menular yang disebabkan oleh virus RNA dari famili Orthomyxoviridae ( virus influenza ) , yang menyerang unggas dan mamalia . ? Influenza , yang lebih dikenal dengan sebutan flu , merupakan penyakit menular yang disebabkan oleh virus RNA dari famili Orthomyxoviridae ( virus influenza ) , yang menyerang unggas dan mamalia ."
1,Di tahun 1899 Churchill meninggalkan dinas militer dan memutuskan untuk menitis karir di parlemen . ? Pada tahun 1899 Churchill meninggalkan dinas militer dan memutuskan untuk menitis karir di parlemen .
0,"Perkembangan sejarah pemikiran ekonomi kemudian berlanjut dengan menghasilkan tokoh-tokoh seperti Alfred Marshall , J.M. Keynes , Karl Marx , hingga peraih hadiah Nobel bidang Ekonomi tahun 2006 , Edmund Phelps . ? Sebagai seorang ekonom , Smith tidak melupakan akar moralitasnya terutama yang tertuang dalam The Theory of Moral Sentiments ."
1,"Organisme yang biasanya menjadi model dalam bidang ini meliputi cacing Caenorhabditis elegans , lalat buah Drosophila melanogaster , ikan zebra Danio rerio , tikus Mus musculus , dan tanaman Arabidopsis thaliana . ? Organisme yang biasanya menjadi model dalam bidang ini meliputi cacing Caenorhabditis elegans , lalat buah Drosophila melanogaster , ikan zebra Danio rerio , tikus Mus musculus , dan tumbuhan Arabidopsis thaliana ."
1,Hal ini dilakukan sebagai amal ibadah di bulan Ramadan . ? Hal ini dilakukan sebagai amal shaleh pada bulan Ramadhan .
1,"Secara umum , Ilmu Komputer ( Ilkom ) , atau yang dalam bahasa Inggrisnya disebut Computer Science ( CS ) , adalah ilmu yang mempelajari tentang komputasi , baik perangkat keras ( hardware ) maupun perangkat lunak ( software ) . ? Secara umum , Ilmu Komputer yang lebih dikenal dengan nama Sains Komputer ( Computer Science , CS ) adalah ilmu yang mempelajari tentang komputasi , baik perangkat keras ( hardware ) maupun perangkat lunak ( software ) ."
0,"Suku Dayak adalah nama yang oleh penduduk pesisir pulau Borneo diberi kepada penghuni pedalaman yang mendiami Pulau Kalimantan ( Brunei , Malaysia yang terdiri dari Sabah dan Sarawak , serta Indonesia yang terdiri dari Kalimantan Barat , Kalimantan Timur , Kalimantan Tengah , dan Kalimantan Selatan ) . ? Suku Dayak adalah nama yang oleh penduduk pesisir pulau Borneo diberi kepada penghuni asli yang mendiami Pulau Kalimantan ( Brunei , Malaysia yang terdiri dari Sabah dan Sarawak , serta Indonesia yang terdiri dari Kalimantan Barat , Kalimantan Timur , Kalimantan Tengah , dan Kalimantan Selatan ) ."
0,Greenland dalam bahasa Inggris atau Tanah Hijau adalah sebuah pulau di sebelah utara Samudra Atlantik di arah timur laut Kanada . ? Greenland dalam bahasa Inggris atau Tanah Hijau adalah sebuah pulau di Samudra Atlantik bagian utara arah timur laut Kanada .
0,"Makhluk hidup lainnya , termasuk tumbuhan , hewan , dan manusia , merupakan organisme multiselular yang terdiri dari banyak tipe sel yang terspesialisasi dengan fungsinya masing-masing . ? Kebanyakan makhluk hidup tersusun atas sel tunggal , atau disebut organisme uniselular , misalnya bakteri dan ameba ."
0,"Pada masa pemerintahan Orde Baru juga dikenal Kepercayaan Terhadap Tuhan Yang Maha Esa , yang ditujukan kepada sebagian orang yang percaya akan keberadaan Tuhan , tetapi bukan pemeluk salah satu dari agama mayoritas frans . ? Pada masa pemerintahan Orde Baru juga dikenal Kepercayaan Terhadap Tuhan Yang Maha Esa , yang ditujukan kepada sebagian orang yang percaya akan keberadaan Tuhan , tetapi bukan pemeluk salah satu dari agama mayoritas vanny ."
0,"Sebagai agama , istilah ini merujuk kepada umat yang beragama Yahudi . ? Tetapi orang yahudi terlibat banyak dosa dan kebodohan ."
0,Kata filosofi yang dipungut dari bahasa Belanda juga dikenal di Indonesia . ? Kata filosofi yang dipungut dari bahasa Korea juga dikenal di Indonesia .
1,"Yahudi adalah istilah yang merujuk kepada sebuah agama , ras , atau suku bangsa . ? Yahudi adalah istilah yang merujuk kepada sebuah agama atau suku bangsa ."
0,"Virus merupakan organisme subselular yang , karena ukurannya sangat kecil , tidak hanya dapat dilihat dengan menggunakan mikroskop elektron . ? Virus merupakan organisme subselular yang , karena ukurannya sangat kecil , hanya dapat dilihat dengan menggunakan mikroskop elektron ."
1,Kemenangan tersebut menginspirasikan masyarakat setempat memakai nama Minangkabau yang maknanya Menang-Kerbau . ? Kecemerlangan masyarakat Minang tersebutlah yang menjadi inspirasi nama Minangkabau .
1,"Pada abad ke-20 , pemisahan antara sejarah dan praaksara mempersulit penelitian . ? Pada abad ke-20 , pemisahan antara sejarah dan prasejarah mempersulit penelitian ."
1,"Elektron hanya menduduki 0,06 % massa total atom . ? Elektron hanya mengambil 0,06 % massa total atom ."
0,"Pada akhir abad ke-20 , dua kumpulan Yahudi ( terutama di Amerika Serikat ) yang liberal dari segi teologi , Yahudi Reformasi dan Yahudi Rekonstruksi telah membenarkan orang yang tidak memenuhi kriteria tersebut untuk menyebut diri mereka sebagai Yahudi . ? Pada akhir abad ke-20 , dua kumpulan Yahudi ( terutama di Amerika Serikat ) yang liberal dan konsumeris , Yahudi Reformasi dan Yahudi Rekonstruksi telah membenarkan orang yang tidak memenuhi kriteria tersebut untuk menyebut diri mereka sebagai Yahudi ."
1,Gamal Abdel Nasser meninggal akibat sakit jantung selepas dua minggu peperangan tamat pada 28 September 1970 . ? Gamal Abdel Nasser meninggal akibat sakit jantung setelah dua minggu peperangan tamat pada 28 September 1970 .
1,Konsep dari Catatan Pinggir adalah sekedar sebagai sebuah komentar ataupun kritik terhadap batang tubuh yang utama . ? Konsep dari Caping adalah sekadar sebuah komentar ataupun kritik terhadap batang tubuh yang utama .
1,Inggris sempat menaklukkan Jawa di tahun 1811 . ? Inggris sempat menaklukkan Jawa pada tahun 1811 .
0,"Sejak 2004 , MPR adalah sebuah parlemen bikameral , setelah terciptanya DPD sebagai kamar kedua . ? Anggota DPR dan DPD dipilih melalui pemilu dan dilantik dalam masa jabatan lima tahun ."
0,Penghuni pertama pulau Bali diperkirakan datang pada 3000-2500 SM yang bermigrasi dari Asia . ? Penghuni pertama pulau Bali diperkirakan datang pada 3000-2500 SM yang bermigrasi dari Lombok .
1,"Albert Einstein , di pihak lain , menyatakan bahwa sejauh hukum-hukum matematika merujuk kepada kenyataan , mereka tidaklah pasti ; dan sejauh mereka pasti , mereka tidak merujuk kepada kenyataan.  ? Albert Einstein menyatakan bahwa sejauh hukum-hukum matematika merujuk kepada kenyataan , mereka tidaklah pasti ; dan sejauh mereka pasti , mereka tidak merujuk kepada kenyataan. "
1,"Isi dari Wikipedia berada dalam naungan Lisensi Dokumen Bebas GNU , yang berarti bebas dan akan tetap bebas selamanya . ? Isi dari Wikipedia berada dalam naungan Lisensi Dokumentasi Bebas GNU , yang berarti bebas dan akan tetap bebas selamanya ."
1,Kapsul juga dapat membantu sel bakteri menghindar dari sel kekebalan tubuh manusia jenis tertentu . ? Kapsul juga dapat membantu sel bakteri menghindari jenis tertentu sel kekebalan tubuh manusia .
0,"Anime , manga , mode , film , kesusastraan , permainan video , dan musik Jepang menerima sambutan hangat di seluruh dunia , terutama di negara-negara Asia yang lain . ? Pemuda Jepang gemar menciptakan trend baru dan kegemaran mengikut gaya mereka mempengaruhi mode dan trend seluruh dunia ."
1,"Meskipun Mesir mengalami kerugian yang besar , perang ini memulihkan kehormatan dan rasa percaya diri mereka setelah kalah dalam Perang Enam Hari pada tahun 1967 . ? Perang ini memulihkan kehormatan dan rasa percaya diri mereka setelah kalah dalam Perang Enam Hari pada tahun 1967 ."
0,"Secara umum seluruh penduduk di kepulauan nusantara disebut-sebut berasal dari China selatan , demikian juga halnya dengan Bangsa Dayak . ? Secara umum seluruh penduduk di kepulauan Nusantara disebut-sebut berasal dari Cina selatan , demikian juga halnya dengan Suku Dayak ."
0,Akta Parlemen 1911 dan 1949 mewajibkan pemilu baru diadakan dengan waktu tidak lebih lima tahun berselang dari pemilu sebelumnya . ? Pemilihan umum diadakan oleh Kerajaan atas nasihat dari Perdana Menteri .
0,"Misalnya , seorang fisikawan Richard Feynman menemukan rumus integral lintasan mekanika kuantum menggunakan paduan nalar matematika dan wawasan fisika , dan teori dawai masa kini , teori ilmiah yang masih berkembang yang berupaya membersatukan empat gaya dasar alami , terus saja mengilhami matematika baru . ? Misalnya , seorang fisikawan hasan johar menemukan rumus integral lintasan mekanika kuantum menggunakan paduan nalar matematika dan wawasan fisika , dan teori dawai masa kini , teori ilmiah yang masih berkembang yang berupaya membersatukan empat gaya dasar alami , terus saja mengilhami matematika baru ."
1,Pada tahun 1538 dibangun tembok di sekitar Yerusalem dalam pemerintahan Suleiman yang Luar Biasa . ? Pada tahun 1538 dibangun tembok di sekitar Yerusalem dalam pemerintahan raja salomo .
0,"Satu hal baik dari reformasi sejalan dengan mundurnya Suharto adalah mundurnya TNI dari parlemen setelah bubarnya Dwi Fungsi ABRI , walaupun pengaruh militer dalam bernegara masih tetap kuat . ? Setelah 30 tahun perseteruan sporadis antara Gerakan Aceh Merdeka dan militer Indonesia , maka persetujuan gencatan senjata terjadi pada tahun 2005 ."
0,"Di Indonesia , perguruan tinggi yang membuka program studi Geografi sebagai ilmu murni hanya lima perguruan tinggi negeri , yaitu Universitas Indonesia ( UI ) , UGM ( Universitas Gadjah Mada ) , UNP ( Universitas Negeri Padang ) , UNNES ( Universitas Negeri Semarang ) dan UM ( Universitas Negeri Malang ) , dan satu perguruan tinggi swasta ( Universitas Muhammadiyah Surakarta ) . ? Di Indonesia , perguruan tinggi yang membuka program studi Geografi sebagai ilmu murni hanya empat perguruan tinggi negeri , yaitu Universitas Indonesia ( UI ) , UGM ( Universitas Gadjah Mada ) , UNP ( Universitas Negeri Padang ) , dan UM ( Universitas Negeri Malang ) , dan satu perguruan tinggi swasta ( Universitas Muhammadiyah Surakarta ) ."
1,Semua sel dibatasi oleh suatu membran yang disebut membran plasma dan daerah di dalam sel disebut sitoplasma . ? Semua sel dibatasi oleh suatu membran dan daerah di dalam sel disebut sitoplasma .
0,Dalam bahasa Indonesia seseorang yang mendalami bidang falsafah disebut tukang nasi goreng . ? Dalam bahasa Indonesia seseorang yang mendalami bidang falsafah disebut filsuf .
0,"Kyai Poleng memberi tahu bahwa Kyai Aluquro untuk di simpan di dalam rumah dan Kyai Nenggolo untuk dibawa ketika bereperang . ? Tombak tersebut diberi nama Kyai(si ) Nenggolo , dan kyai ( si ) Aluquro ."
1,"Pada tahun 1850 , George Windsor Earl , seorang etnolog berkebangsaan Inggris , awalnya mengusulkan istilah Indunesia dan Malayunesia untuk penduduk Kepulauan Hindia atau Kepulauan Melayu . ? Pada tahun 1850 , George Earl , seorang etnolog berkebangsaan Inggris , awalnya mengusulkan istilah Indunesia dan Malayunesia untuk penduduk Kepulauan Hindia atau Kepulauan Melayu ."
0,"Dengan tepat , Albert Einstein menyatakan bahwa sejauh hukum-hukum matematika merujuk kepada kenyataan , mereka tidaklah pasti ; dan sejauh mereka pasti , mereka tidak merujuk kepada kenyataan. Makna dari Matematika tak merujuk kepada kenyataan menyampaikan pesan bahwa gagasan matematika itu ideal dan steril atau terhindar dari pengaruh manusia . ? Uniknya , kebebasannya dari kenyataan dan pengaruh manusia ini nantinya justru memungkinkan penyimpulan pernyataan bahwa semesta ini merupakan sebuah struktur matematika , menurut . Jika kita percaya bahwa realita di luar semesta ini haruslah bebas dari pengaruh manusia , maka harus struktur matematika lah semesta itu ."
1,Pemerintah Indonesia telah bekerjasama dengan dunia international sehubungan dengan pemboman yang dilakukan oleh militan Islam dan Al-Qaeda . ? Pemerintah Indonesia telah bekerjasama dengan dunia international sehubungan dengan pengeboman yang dilakukan oleh militan Islam dan Al-Qaeda .
1,Selama berabad-abad orang Yahudi banyak didiskriminasikan orang Kristen di Eropa dan juga oleh orang-orang Arab di Timur Tengah meskipun mereka dianggap ‘ahli alkitab’ oleh orang Muslim . ? Selama berabad-abad orang Yahudi banyak didiskriminasikan orang Kristen di Eropa dan juga oleh orang-orang Arab di Timur Tengah meskipun mereka dianggap ‘ahli alkitab’ oleh Muslim .
0,Kata tarikh dalam bahasa Indonesia artinya kurang lebih adalah waktu . ? Dalam bahasa Arab sendiri sejarah disebut tarikh .
1,"Gajah Mada adalah mahapatih di masa Hayam Wuruk , yang memimpin banyak penaklukan teritorial bagi kerajaan . ? Gajah Mada adalah perdana menteri Hayam Wuruk , yang memimpin banyak penaklukan teritorial bagi kerajaan ."
0,"Hukum Inggris berlaku di Inggris dan Wales , dan hukum Irlandia Utara berdasarkan pada prinsip-prinsip hukum umum ( common law ) . ? Esensi dari hukum umum ini adalah bahwa hukum ini harus tunduk pada undang-undang Britania Raya ."
1,"Pada tahun 1999 , orang-orang Dayak , bersama dengan kelompok-kelompok Melayu dan Cina memerangi para pendatang Madura ; 114 orang tewas . ? Pada tahun 1999 , orang-orang Dayak , bersama dengan kelompok-kelompok Melayu memerangi para pendatang Madura ; 114 orang tewas ."
1,"Yang kemudian merinci teori sel sebagaimana yang dikenal dalam bentuk modern-nya ialah Rudolf Virchow , seorang ilmuwan Jerman lainnya . ? Yang kemudian memerinci teori sel sebagaimana yang dikenal dalam bentuk modern ialah Rudolf Virchow , seorang ilmuwan Jerman lainnya ."
1,"Untuk menspesifikasi sebuah jenis kelamin , sebuah kata sifat harus ditambahkan , adik laki-laki sebagai contohnya . ? Untuk memerinci sebuah jenis kelamin , sebuah kata sifat harus ditambahkan , adik laki-laki sebagai contohnya ."
0,"Terdapat berbagai istilah lokal untuk suatu daerah di indonesia misal : kelurahan , desa , gampong , kampung , nagari , pekon , atau istilah lain yang diakomodasi oleh Undang-Undang Republik Indonesia Nomor 32 Tahun 2004 tentang Pemerintahan Daerah . ? Provinsi dibagi menjadi 403 kabupaten dan 98 kota atau 6698 daerah setingkat kecamatan atau 81308 daerah setingkat desa ."
1,Keberadaan orang Tionghoa yang banyak di kota Singkawang dan Pontianak dapat disamakan komunitas Cina Benteng yang bermukim di Kota Tangerang dekat Jakarta . ? Keberadaan orang Tionghoa yang banyak di kota Singkawang dapat disamakan komunitas Cina Benteng yang bermukim di Kota Tangerang dekat Jakarta .
1,Chairil Anwar adalah pujangga Indonesia yang mashyur . ? Chairil Anwar adalah pujangga Indonesia yang terkemuka .
0,"Matematika adalah studi pelajaran , bosan , ruang , guru , sejenis pelajaran yang membuat bosan , dan beraneka topik menarik , bentuk , dan entitas . ? Matematika adalah studi besaran , struktur , ruang , relasi , perubahan , dan beraneka topik pola , bentuk , dan entitas ."
1,"Kimia tradisional melibatkan interaksi antara zat kimia dalam reaksi kimia , yang mengubah satu atau lebih zat menjadi satu atau lebih zat lain . ? Kimia tradisional melibatkan interaksi antara zat dalam reaksi kimia , yang mengubah satu atau lebih zat menjadi satu atau lebih zat lain ."
1,Tetapi Bahasa Melayu Pasar sudah terlanjur diadopsi oleh banyak pedagang yang melewati Indonesia . ? Tetapi Bahasa Melayu Pasar sudah terlanjur diambil oleh banyak pedagang yang melewati Indonesia .
0,"Sitoplasma ini terdiri dari medium semicair yang disebut sitosol , yang di dalamnya terdapat organel-organel dengan bentuk dan fungsi terspesialisasi serta sebagian besar tidak dimiliki prokariota . ? Sel eukariota juga memiliki banyak membran internal ."
0,"Orang Eropa yang pertama kali menemukan Bali ialah Cornelis de Houtman dari Belanda pada 1597 , meskipun sebuah kapal Portugis sebelumnya pernah terdampar dekat tanjung Bukit , Jimbaran , pada 1585 . ? Orang Lombok yang pertama kali menemukan Bali ialah Udin bonyok dari Belanda pada 1597 , meskipun sebuah perahu Portugis sebelumnya pernah terdampar dekat tanjung Bukit , Jimbaran , pada 1585 ."
1,"Proses replikasi memerlukan keberadaan protein / enzim pembantu , salah satu yang terpenting dikenal dengan nama DNA polymerase , yang merupakan enzim pembantu pembentukan rantai DNA baru ( DNA merupakan polymer ) . ? Proses replikasi memerlukan protein atau enzim pembantu ; salah satu yang terpenting dikenal dengan nama DNA polimerase , yang merupakan enzim pembantu pembentukan rantai DNA baru yang merupakan suatu polimer ."
1,"Pada awal rezim Orde Baru kebijakan ekomomi Indonesia disusun oleh sekelompok ekonom-ekonom lulusan departemen ekonomi Universitas California , Berkeley , yang dipanggil Mafia Berkeley . ? Pada awal rezim Orde Baru kebijakan ekomomi Indonesia disusun oleh sekelompok ekonom lulusan Departemen Ekonomi Universitas California , Berkeley , yang dipanggil Mafia Berkeley ."
1,Seluruh turunan dari 12 putera Yakub ( Israel ) itu dikenal dengan sebutan Bani Israel ( keturunan langsung Israel ) yang kemudian berkembang menjadi besar dinamakan menjadi Bangsa Israel . ? Seluruh turunan dari 12 putera Yakub ( Israel ) itu dikenal dengan sebutan Bani Israel ( keturunan langsung Israel ) yang kemudian berkembang menjadi besar dinamakan menjadi Suku Israel .
1,"Antropologi berasal dari kata Yunani anthropos yang berarti manusia atau orang , dan logos yang berarti ilmu . ? Antropologi berasal dari kata anthropos yang berarti manusia , dan logos yang berarti ilmu ."
0,"Makhluk hidup lainnya , termasuk tumbuhan , hewan , dan manusia , merupakan organisme multiselular yang terdiri dari banyak tipe sel terspesialisasi dengan fungsinya masing-masing yang tidak akan bertahan lama jika masing-masing berdiri sendiri . ? Seluruh tubuh semua organisme berasal dari hasil pembelahan satu sel ."
1,"Penggunaan bahasa di daerah biasanya lebih resmi , dan sering kali terselip logat-logat dan kata-kata di daerah bahasa Indonesia itu dituturkan . ? Penggunaan bahasa di daerah biasanya lebih resmi , dan sering kali terselip dialek-dialek dan logat-logat di daerah bahasa Indonesia itu dituturkan ."
1,"Mosi Integral Natsir pada tanggal 17 Agustus 1950 , menyerukan kembalinya negara kesatuan Republik Indonesia dan membubarkan Republik Indonesia Serikat . ? Mosi Integral Natsir pada tanggal 17 Agustus 1950 , menyerukan kembalinya negara kesatuan Indonesia dan membubarkan Republik Indonesia Serikat ."
0,"Masjid artinya tempat sujud , dan mesjid berukuran kecil juga disebut musholla , langgar , atau surau . ? Masjid artinya tempat sujud , juga disebut musholla atau langgar ."
1,"Penduduk Timor Timur berdasar demografi agama adalah sebagai berikut : Katolik ( 93 % ) , Protestan ( 4 % ) , Islam ( 2 % ) dan lain-lain ( 1 % ) . ? Sebaran agama penduduk Timor Timur adalah sebagai berikut : Kristen Katholik ( 93 % ) , Protestan ( 4 % ) , Islam ( 2 % ) dan sebagainya ."
1,"Hatikvah , arti harafiahnya adalah “Harapan” , merupakan Lagu Kebangsaan Israel . ? Hatikvah merupakan lagu kebangsaan Israel ."
0,"Ilmu ekonomi telah mengalami perubahan besar dalam ide , konsep , dan metodenya ; walaupun menurut pendapat kritikus , kadang-kadang perubahan tersebut malah merusak konsep yang benar sehingga tidak sesuai dengan kenyataan yang ada . ? Ilmu ekonomi akan mengalami perubahan besar dalam ide , konsep , dan metodenya ; walaupun menurut pendapat kritikus , kadang-kadang perubahan tersebut malah merusak konsep yang benar sehingga tidak sesuai dengan kenyataan yang ada ."
1,Ptolemeus dan sigit juga merancang dan menyediakan petunjuk tentang cara membuat peta dunia yang dihuni ( oikoumenè ) dan provinsi Romawi . ? Ptolemeus juga merancang dan menyediakan petunjuk tentang cara membuat peta dunia yang dihuni ( oikoumenè ) dan provinsi Romawi .
1,"Soekarno tidak memilih bahasanya sendiri , Jawa ( yang sebenarnya juga bahasa mayoritas pada saat itu ) , namun beliau memilih Bahasa Indonesia yang beliau dasarkan dari Bahasa Melayu yang dituturkan di Riau . ? Soekarno tidak memilih bahasanya sendiri , Jawa ( yang sebenarnya juga bahasa mayoritas pada saat itu ) namun memilih Bahasa Indonesia yang dia dasarkan dari Bahasa Melayu yang dituturkan di Riau ."
1,"Umumnya musik Bali merupakan kombinasi dari berbagai alat musik perkusi metal ( metalofon ) , gong , dan perkusi kayu ( xilofon ) . ? Umumnya musik Bali merupakan kombinasi dari berbagai alat musik metallophone , gong , dan xylophone ."
0,"Provinsi dibagi menjadi 399 kabupaten dan 98 kota yang dibagi lagi menjadi kecamatan dan lagi menjadi kelurahan , desa , gampong , kampung , nagari , pekon , atau istilah lain yang diakomodasi oleh Undang-Undang Republik Indonesia Nomor 32 Tahun 2004 tentang Pemerintahan Daerah . ? Provinsi dibagi menjadi 403 kabupaten dan 98 kota yang dibagi lagi menjadi kecamatan dan lagi menjadi kelurahan , desa , gampong , kampung , nagari , pekon , atau istilah lain yang diakomodasi oleh Undang-Undang Republik Indonesia Nomor 32 Tahun 2004 tentang Pemerintahan Daerah ."
0,"Berasal dari rumpun yang sama , Bahasa Indonesia adalah dialek terstandardisasi dari bahasa Melayu , dan keduanya cukup mirip . ? Bahasa Indonesia adalah bahasa dinamis yang terus menyerap kata-kata dari bahasa asing ."
1,"Dalam biologi , sel adalah kumpulan materi paling sederhana yang dapat hidup dan merupakan unit penyusun semua makhluk hidup . ? Sel merupakan unit organisasi terkecil yang menjadi dasar kehidupan dalam arti biologis ."
1,"Kebanyakan bakteri memiliki suatu membran luar yang menutupi lapisan peptidoglikan , dan ada pula bakteri yang memiliki selubung sel dari protein . ? Kebanyakan bakteri memiliki membran luar yang menutupi lapisan peptidoglikan , dan ada pula bakteri yang memiliki selubung sel dari protein ."
1,"Di dalam lumen , protein tersebut dimodifikasi , misalnya dengan penambahan gula , ditandai dengan penanda kimiawi , dan dipilah-pilah agar nantinya dapat dikirim ke tujuannya masing-masing . ? Di dalam lumen , protein tersebut dimodifikasi , misalnya dengan penambahan karbohidrat , ditandai dengan penanda kimiawi , dan dipilah-pilah agar nantinya dapat dikirim ke tujuannya masing-masing ."
0,"Dari pihak ibunya , Saleha dia masih punya pertalian keluarga dengan Sutan Sjahrir , Perdana Menteri pertama Indonesia . ? Dari pihak ibunya , Saleha dia masih punya pertalian keluarga dengan raden michael , Perdana Menteri pertama Indonesia ."
1,"Dayak atau Daya adalah kumpulan berbagai subetnis Austronesia yang dianggap sebagai penduduk asli yang mendiami Pulau Kalimantan , lebih tepat lagi adalah yang memiliki budaya sungai dimasa sekarang yaitu setelah berkembangnya agama Islam di Borneo , sebelumnya Budaya masyarakat Dayak adalah Budaya Maritim atau bahari . ? Dayak atau Daya adalah kumpulan berbagai subetnis Austronesia yang dianggap sebagai penduduk asli yang mendiami Pulau Kalimantan , lebih tepat lagi adalah yang memiliki budaya sungai dimasa sekarang yaitu setelah berkembangnya agama Islam di Kalimantan , sebelumnya Budaya masyarakat Dayak adalah Budaya Maritim atau bahari ."
0,"Kini , para matematikawan masih terus beradu argumentasi tentang karena perhitungan besar sangatlah sukar diperiksa , bukti-bukti itu mungkin saja tidak cukup kaku . ? Kini , para matematikawan masih terus beradu argumentasi tentang bukti berbantuan-komputer ."
1,"Dia kemudian meneruskan pendidikannya di Meer Uitgebreid Lager Onderwijs , sekolah menengah pertama belanda , tetapi dia keluar sebelum lulus . ? Dia kemudian meneruskan pendidikannya di Meer Uitgebreid Lager Onderwijs , sekolah menengah pertama , tapi dia keluar sebelum lulus ."
1,Baja lebih keras dari besi karena atom-atomnya terikat dalam kisi kristal yang lebih kaku . ? Baja lebih keras dari besi karena atom-atomnya terikat dalam struktur kristal yang lebih kaku .
1,"Dalam bahasa Inggris , hewan disebut animal , berasal dari bahasa Latin yaitu animalis , yang berarti bernapas . ? Dalam bahasa Inggris , hewan disebut animal , dari bahasa Latin yaitu animalis , yang berarti memiliki napas ."
1,"Harus ditekankan di sini bahwa ketika Timor Timur ditelantarkan oleh Portugal , penganut agama Katholik berjumlah 77 % . ? Harus ditekankan di sini bahwa ketika Timor Timur ditelantarkan oleh Portugal , jumlah penganut agama Katholik adalah 77 % ."
1,"Dibandingkan dengan lagu-lagu kebangsaan lain yang umumnya berdurasi setengah menit bahkan ada yang hanya 19 detik , Indonesia Raya memang jauh lebih panjang . ? Dibandingkan dengan lagu-lagu kebangsaan lain yang umumnya berdurasi setengah menit, Indonesia Raya jauh lebih panjang ."
1,"Hal ini disebabkan oleh kenyataan bahwa kemerdekaan de facto Negara Bebas Irlandia , yang mengakibatkan terpecahnya Irlandia pada tahun 1922 , meninggalkan Irlandia Utara sebagai satu-satunya bagian dari Pulau Irlandia yang masih berada di bawah kekuasaan Britania Raya . ? Hal ini disebabkan oleh kenyataan bahwa kemerdekaan de facto Negara Bebas Irlandia , yang mengakibatkan terpecahnya Irlandia pada 1922 , meninggalkan Irlandia Utara sebagai satu-satunya bagian dari Pulau Irlandia yang masih berada di bawah kekuasaan Britania Raya ."
1,"Menurut Talmud , definisi ini dipegang semenjak pemberian Sepuluh Perintah Allah di Gunung Sinai kira-kira 3.500 tahun dahulu kepada nabi Musa . ? Menurut Talmud , definisi ini dipegang semenjak pemberian Sepuluh Perintah Yahweh di Gunung Sinai kira-kira 3.500 tahun dahulu kepada nabi Musa ."
1,Jajaran pegunungan vulkanik dan dataran-dataran tinggi di sekitarnya yang membentang di sepanjang pulau Jawa menyebabkan daerah-daerah interior pulau ini beserta masyarakatnya secara relatif terpisahkan dari pengaruh luar . ? Jajaran pegunungan vulkanik dan dataran-dataran tinggi yang sekitarnya di sepanjang pulau Jawa membuat daerah-daerah interior pulau ini beserta masyarakatnya secara relatif terpisahkan dari pengaruh luar .
0,Sementara bahasa Indonesia banyak dipakai untuk menulis . ? Sementara bahasa Melayu banyak dipakai untuk menulis .
1,"Indonesia kini sedang mengalami masalah-masalah ekonomi , politik dan pertikaian bernuansa agama di dalam negeri , dan beberapa daerah sedang berusaha untuk mendapatkan kemerdekaan , yaitu Aceh dan Papua . ? Indonesia kini sedang mengalami masalah-masalah ekonomi , politik dan pertikaian bernuansa agama di dalam negeri , dan beberapa daerah berusaha untuk mendapatkan kemerdekaan , seperti Papua ."
0,"Ayahnya bernama Toeloes , mantan bupati Indragiri Riau , berasal dari nagari Taeh Baruah , Limapuluh Kota . ? Ayahnya bernama Toeloes , yang bekerja sebagai pamongpraja ."
0,"Setiap tahunnya , WHO memprediksikan galur virus mana yang paling mungkin bersirkulasi pada tahun berikutnya , sehingga memungkinkan perusahaan farmasi untuk mengembangkan vaksin yang akan menyediakan kekebalan yang terbaik terhadap galur tersebut . ? Vaksin juga telah dikembangkan untuk melindungi ternak unggas dari flu burung ."
1,Tetapi kedaulatan Palestina masih diakui walaupun daerahnya belum pasti . ? Tetapi kedaulatan Palestina diakui meskipun daerahnya belum pasti .
0,Perdana Menteri Israel menjabat sebagai kepala pemerintahan dan Knesset bertugas sebagai badan legislatif Amerika Serikat . ? Perdana Menteri Israel menjabat sebagai kepala pemerintahan dan Knesset bertugas sebagai badan legislatif Israel .
0,"Makin tinggi derajat suatu hewan , makin banyak organ tubuh yang dimilikinya . ? Makin besar perkembangan suatu hewan , makin banyak organ tubuh yang dimilikinya ."
1,"Wilayah Desa Nepa saat ini termasuk wilayah kecamatan Ketapang Kabupaten Sampang , dan sekarang termasuk salah satu tempat rekreasi karena di sana banyak kera . ? Wilayah Desa Nepa saat ini termasuk wilayah kecamatan Ketapang Kabupaten Sampang , dan termasuk salah satu tempat Rekreasi karena di sana banyak kera ."
1,"Matematika muncul pada saat dihadapinya masalah-masalah yang rumit yang melibatkan kuantitas, kualitas , struktur , ruang , atau perubahan . ? Matematika muncul pada saat dihadapinya masalah-masalah yang rumit yang melibatkan kuantitas , struktur , ruang , atau perubahan ."
1,Orang Madura pada dasarnya adalah orang yang suka merantau karena keadaan wilayahnya yang kurang baik untuk bertani . ? Orang Madura pada dasarnya adalah orang yang suka merantau karena keadaan wilayahnya yang tidak baik untuk bertani .
1,"Chairil masuk sekolah Holland Indische school ( HIS ) , sekolah dasar untuk orang-orang pribumi waktu penjajah Belanda . ? Chairil masuk sekolah Holland Indische school ( HIS ) , sekolah dasar untuk orang-orang pribumi zaman Hindia Belanda ."
0,"Dalam Bahasa Sanskerta yava berarti tanaman jelai , sebuah tanaman yang membuat pulau ini terkenal . ? Yawadvipa disebut dalam epik India Ramayana ."
1,"Ada 5 budaya dasar masyarakat asli rumpun Austronesia di Kalimantan atau Etnis Orang Kalimantan yaitu Melayu , Dayak , Banjar , Kutai dan Paser . ? 3 budaya dasar masyarakat asli rumpun Austronesia di Kalimantan atau Etnis Orang Kalimantan di antaranya Dayak , Banjar , dan Kutai ."
0,Sejarah secara harafiah berasal dari kata Arab yang artinya pohon . ? Sejarah secara harafiah berasal dari kata Arab yang artinya meja .
1,"Israel adalah sebuah negara di Timur Tengah , dikelilingi Laut Tengah , Lebanon , Suriah , Yordania , Mesir dan gurun pasir Sinai . ? Israel merupakan negara di Timur Tengah , dikelilingi Laut Tengah , Libanon , Suriah , Yordania , Mesir dan gurun pasir Sinai ."
1,"Adalah penyakit infeksi yang sangat mudah menular atau infeksius sejak awal masa prodromal , yaitu kurang lebih 4 hari pertama sejak munculnya ruam . ? Adalah penyakit infeksi yang sangat mudah menular atau infeksius sejak awal masa prodromal , yaitu kisaran 4 hari pertama sejak munculnya ruam ."
1,Tanaman budi daya yang paling komersial di Madura ialah tembakau . ? Pertanian tembakau berperan besar dalam ekonomi Madura .
0,"Insiden peledakan pesawat sipil di bandar udara Lebanon yang dilakukan oleh agen Mossad pada akhir 1970-an sebagai pembalasan peristiwa Black September , dimana atlet Olympiade Israel dibunuh oleh gerilyawan PLO di Munich , Jerman Barat , menyebabkan Perancis mengembargo persenjataan ke Israel . ? Insiden peledakan pesawat sipil di bandar udara Lebanon yang dilakukan oleh agen Mossad pada akhir 1970-an sebagai pembalasan peristiwa Black September , dimana atlet Olympiade Israel dibunuh oleh gerilyawan PLO di München , Jerman Barat , menyebabkan Perancis mengembargo persenjataan ke Israel ."
1,"Novel Hamka yang lain, Tenggelamnya Kapal Van der Wijck, juga bercerita tentang kisah anak perantau Minang yang pulang kampung . ? Novel Tenggelamnya Kapal Van der Wijck juga bercerita tentang kisah anak perantau Minang yang pulang kampung ."
1,"Pemerintahan di Sulawesi dibagi menjadi enam provinsi berdasarkan urutan pembentukannya yaitu provinsi Sulawesi Selatan , Sulawesi Utara , Sulawesi Tengah , Sulawesi Tenggara , Gorontalo , dan Sulawesi Barat . ? Pemerintahan di Sulawesi dibagi menjadi enam provinsi yaitu provinsi Sulawesi Utara , Sulawesi Tengah , Sulawesi Selatan , Sulawesi Tenggara , Sulawesi Barat , dan Gorontalo ."
1,"Sehingga kini Indonesia belum mengesahkan kedaulatan Israel , meskipun sudah diakui oleh beberapa Negara Arab . ? Sampai sekarang Indonesia belum mengakui kedaulatan Israel , meskipun beberapa Negara Arab sudah mengakui ."
1,"Sesampainya di Kerajaan Medangkemulan peperangan dengan tentara Cina pun tidak dapat dielakkan Raden Segoro bertempur luar biasa dengan didampingi Kyai Poleng . ? Sesampainya di Kerajaan Medang kamulan , rombongan ini terlibat peperangan dengan tentara Cina ."
1,Sedangkan Bahasa Inggris dan Bahasa Indonesia berstatus sebagai bahasa perantara menurut aturan peralihan sementara di dalam konstitusi Timor-Leste . ? Sedangkan Bahasa Inggris dan Bahasa Indonesia berstatus sebagai bahasa perantara menurut konstitusi Timor-Leste .
1,"Meskipun masih kontroversial ( terutama di kalangan agamawan ) , teori Darwin diterima oleh komunitas ilmiah dan segera menjadi aksioma dasar dalam ilmu biologi . ? Meskipun banyak ditentang oleh agamawan , teori Darwin diterima oleh komunitas ilmiah dan segera menjadi aksioma dasar dalam ilmu biologi ."
1,"Pada tanggal 6 Oktober 1973 , pada hari Yom Kippur , hari raya Yahudi yang paling besar , ketika orang-orang Israel sedang khusyuk merayakannya , yang juga bertepatan dengan bulan Ramadhan bagi ummat Islam sehingga dinamakan Perang Ramadhan , Suriah dan Mesir menyerbu Israel secara tiba-tiba . ? Pada tanggal 6 Oktober 1973 , pada hari Yom Kippur , hari raya Yahudi yang paling besar , ketika orang-orang Israel sedang khusyuk merayakannya , Suriah dan Mesir menyerbu Israel secara tiba-tiba ."
0,"Pasar muda-mudi yang amat baik merupakan ujian untuk produk-produk elektronik konsumen yang baru , di mana gaya dan fungsinya ditentukan oleh pengguna Jepang , sebelum dipertimbangkan untuk diedarkan ke seluruh dunia . ? Pemuda Jepang gemar menciptakan trend baru dan kegemaran mengikut gaya mereka mempengaruhi mode dan trend seluruh dunia ."
1,"Dia dikuburkan di taman pemakaman umum Karet Bivak , Jakarta , dan sudah diziarihi oleh ribuan pemujanya dari jaman ke jaman . ? Dia dikuburkan di KUBURAN KARET BIVAK ( JAKARTA ) , dan sudah diziarihi oleh ribuan pemujanya dari zaman ke zaman ."
1,"Elektron memiliki banyak aplikasinya dalam teknologi modern , misalnya dalam mikroskop elektron , terapi radiasi , dan pemercepat partikel . ? Elektron memiliki banyak kegunaan dalam teknologi modern , misalnya dalam mikroskop elektron , terapi radiasi , dan pemercepat partikel ."
0,Sepupu nya bernama Indra hendrawan . ? Sepupu nya bernama Andre irengtupang .
1,"Filsafat Timur adalah tradisi falsafi yang terutama berkembang di Asia , khususnya di India , Republik Rakyat Cina dan daerah-daerah lain yang pernah dipengaruhi budayanya . ? Filsafat Timur adalah tradisi falsafi yang terutama berkembang di Asia , khususnya di India , Tiongkok , dan daerah-daerah lain yang pernah dipengaruhi budayanya ."
1,"Pada tahun 1947 , Perserikatan Bangsa-Bangsa ( PBB ) , sebagai penerus LBB , memutuskan untuk membagi wilayah Mandat Britania atas Palestina , tetapi hal ini ditentang keras oleh negara-negara Timur Tengah lainnya dan banyak negeri-negeri Muslim . ? Pada tahun 1947 , Perserikatan Bangsa-Bangsa memutuskan untuk membagi wilayah Mandat Britania atas Palestina , tetapi hal ini ditentang keras oleh negara-negara Timur Tengah lainnya dan banyak negeri-negeri Muslim ."
1,Kemunculan pertama Winston Churchill merupakan sebagai wartawan perang dalam Perperangan Anglo-Boer yang kedua antara British dengan mereka yang mengelarkan diri mereka sebagai Afrikaaners di Afrika Selatan . ? Kemunculan pertama Winston Churchill merupakan sebagai wartawan perang dalam Perang Anglo-Boer yang kedua antara British dengan mereka yang mengelarkan diri mereka sebagai Afrikaaners di Afrika Selatan .
1,"Pada suatu malam rajapun bermimpi bertemu dengan seorang tua yang berkata bahwa di sebuah pulau yang bernama Madu Oro ( Lemah Duro = Madura ) terdapat anak muda bernama Raden Segoro , raja disuruh minta pertolongan kepada Raden Segoro bila ingin menang perang . ? Pada suatu malam rajapun bermimpi bertemu seorang tua yang berkata bahwa di sebuah pulau yang bernama Madu Oro ( Lemah Duro = Madura ) terdapat anak muda bernama Raden Segoro , raja disuruh minta pertolongan kepada Raden Segoro bila ingin menang perang ."
1,"Bulan Oktober 1898 , Churchill telah kembali ke Inggris dan mulai menulis buku The River War yang diterbitkan dalam dua volume di tahun berikutnya . ? Bulan Oktober 1898 , Churchill telah kembali ke Inggris dan mulai menulis buku The River War yang diterbitkan dalam dua volume pada tahun berikutnya ."
1,"Pada tahun 1950-an dan 1960-an , pemerintahan Soekarno mulai mengikuti sekaligus merintis gerakan non-blok pada awalnya , kemudian menjadi lebih dekat dengan blok sosialis , misalnya Republik Rakyat Cina dan Yugoslavia . ? Pada tahun 1950-an dan 1960-an , pemerintahan Soekarno mulai mengikuti gerakan non-blok pada awalnya dan kemudian dengan blok sosialis , misalnya Republik Rakyat Cina dan Yugoslavia ."
0,"Provinsi dibagi menjadi 403 kabupaten dan 98 kota yang dibagi lagi menjadi kecamatan dan lagi menjadi kelurahan , desa , gampong , kampung , nagari , pekon , atau istilah lain yang diakomodasi oleh Undang-Undang Republik Indonesia Nomor 32 Tahun 2004 tentang Pemerintahan Daerah . ? Provinsi dibagi menjadi 403 kabupaten dan 98 kota atau 6698 daerah setingkat kecamatan atau 81308 daerah setingkat desa ."
1,"Karena itu pula , virus tidak dapat disaring dengan penyaring bakteri . ? Karena itu virus tidak dapat disaring dengan penyaring bakteri ."
1,Matematika praktis telah menjadi kegiatan manusia sejak adanya rekaman tertulis . ? Matematika praktis mewujud dalam kegiatan manusia sejak adanya rekaman tertulis .
1,"Istilah biologi dalam pengertian modern kelihatannya diperkenalkan secara terpisah oleh Gottfried Reinholdus Suryo Santoso Susmito Adrianus Andre Santologi Prekariotoko jilokinomung Treviranus ( Biologie oder Philosophie der lebenden Natur , 1802 ) dan Jean-Baptiste Lamarck ( Hydrogéologie , 1802 ) . ? Istilah biologi dalam pengertian modern kelihatannya diperkenalkan secara terpisah oleh Gottfried Reinhold Treviranus ( Biologie oder Philosophie der lebenden Natur , 1802 ) dan Jean-Baptiste Lamarck ( Hydrogéologie , 1802 ) ."
1,"Parlemen Timor Timur hanya terdiri dari satu kamar saja dan disebut Parlamento Nacional , di mana anggotanya dipilih untuk masa jabatan selama lima tahun . ? Parlemen Timor-Leste hanya terdiri dari satu kamar saja dan disebut Parlamento Nacional , di mana anggotanya dipilih untuk masa jabatan selama lima tahun ."
1,"Pengiriman tenaga kerja Jawa ke Korea , Hong Kong , serta beberapa negara Timur Tengah juga memperluas wilayah sebar pengguna bahasa Jawa . ? Bahasa Jawa telah dikenal di berbagai belahan dunia ."
1,"Winston Churchill adalah keturunan dari keluarga Churchill pertama yang sangat dikenal luas oleh masyarakat , John Churchill , Duke Marlborough pertama . ? Winston Churchill adalah keturunan dari keluarga Churchill pertama yang dikenal luas , John Churchill , Duke Marlborough pertama ."
0,"Seluruh anggota MPR adalah anggota DPR , ditambah dengan anggota DPD ( Dewan Perwakilan Daerah ) . ? Anggota DPR dan DPD dipilih melalui pemilu dan dilantik dalam masa jabatan lima tahun ."
1,"Puisi terakhir Chairil Anwar berjudul Cemara Menderai Sampai Jauh , ditulis pada tahun 1949 , sedangkan karyanya yang paling terkenal berjudul Aku dan Krawang Bekasi . ? Puisi terakhir Chairil berjudul Cemara Menderai Sampai Jauh , sedangkan karyanya yang paling terkenal berjudul Aku dan Krawang Bekasi ."
1,"Ada berbagai macam corak musik Dangdut , antara lain : Dangdut Melayu , Dangdut Asli ( Dangdut masa kini ) , dan Dangdut Pesisir ( Lagu dangdut tradisional Jawa , Sunda , dll ) . ? Ada berbagai macam musik Dangdut , antara lain : Dangdut Melayu , Dangdut Asli ( Dangdut masa kini ) , dan Dangdut Pesisir ( Lagu dangdut tradisional Jawa , Sunda , dll ) ."
0,Jangan cantumkan bahan yang dilindungi hak cipta tanpa seizin pemiliknya . ? Silahkan baca selengkapnya dalam bahasa Inggris .
0,"Dalam budaya Kalimantan karakter naga biasanya disandingkan dengan karakter enggang gading , yang melambangkan keharmonisan dunia atasa dan dunia bawah . ? Orang yang sama juga telah membuat tulisan yang menyinggung etnis Melayu ."
0,"Stasiun televisi termasuk sepuluh stasiun televisi swasta nasional , dan jaringan daerah yang bersaing dengan stasiun televisi negeri TVRI . ? Stasiun televisi termasuk 14 stasiun televisi swasta nasional , dan jaringan daerah yang bersaing dengan stasiun televisi negeri TVRI ."
0,Kejadian tersebut akhirnya patih Kerajaan Medangkamulan minta ampun kepada Raden Segoro dan ibunya . ? Ibu Raden Segoro selanjutnya memanggil Kyai Poleng .
1,"Beberapa milisekon setelah Big Bang , temperatur alam semesta lebih dari 10 milyar kelvin dan foton memiliki energi rata-rata lebih dari satu juta elektronvolt . ? Beberapa milidetik setelah Big Bang , temperatur alam semesta lebih dari 10 milyar kelvin dan foton memiliki energi rata-rata lebih dari satu juta elektronvolt ."
0,"Ayahnya bernama Toeloes , yang bekerja sebagai pamongpraja . ? Ayahnya bernama Toeloesukimin , yang bekerja sebagai mucikari ."
1,"Penduduk Jawa yang memiliki kesenangan merantau , membuat bahasa Jawa bisa ditemukan di berbagai daerah bahkan di luar negeri . ? Penduduk Jawa yang merantau , membuat bahasa Jawa bisa ditemukan di berbagai daerah bahkan di luar negeri ."
1,"Antropologi berasal dari kata Yunani anthropos yang berarti manusia atau orang , dan logos yang berarti wacana ( dalam pengertian bernalar , berakal ) . ? Antropologi berasal dari kata Yunani anthropos yang berarti manusia atau orang , dan logos yang berarti ilmu ."
1,Matematika diskret adalah nama lazim untuk lapangan matematika yang paling berguna di dalam ilmu komputer teoretis . ? Matematika diskret adalah nama lazim untuk lapangan matematika yang paling berguna di dalam ilmu komputer .
1,Muncul kekuatan baru yang menyebut dirinya Orde Baru yang segera menuduh Partai Komunis Indonesia sebagai otak di belakang kejadian ini dan bermaksud menggulingkan pemerintahan yang sah serta mengganti ideologi nasional menjadi berdasarkan paham sosialis-komunis . ? Muncul kekuatan baru yang menyebut dirinya Orde Baru yang segera menuduh Partai Komunis Indonesia sebagai otak di belakang kejadian ini dan bermaksud menggulingkan pemerintahan yang sah serta mengganti ideologi nasional berdasarkan paham sosialis-komunis .
0,"Pada awal abad 17 , DHIMAS WIDYANANDA membuka penggunaan eksperimen untuk memastikan kebenaran teori fisika , yang merupakan kunci dari metode sains . ? Pada awal abad 17 , Galileo membuka penggunaan eksperimen untuk memastikan kebenaran teori fisika , yang merupakan kunci dari metode sains ."
0,"Akar kata Semitik untuk nama bang inin kadang dianggap s-l-m yang berarti damai , kerukunan atau kesempurnaan . ? Akar kata Semitik untuk nama Yerusalem kadang dianggap s-l-m yang berarti damai , kerukunan atau kesempurnaan ."
1,"Majelis Permusyawaratan Rakyat ( MPR ) pernah menjadi lembaga tertinggi negara , namun setelah amandemen ke-4 MPR bukanlah lembaga tertinggi lagi , dan komposisi keanggotaannya juga berubah . ? MPR pernah menjadi lembaga tertinggi negara , namun setelah amandemen ke-4 MPR bukanlah lembaga tertinggi lagi , dan komposisi keanggotaannya juga berubah ."
1,"Kebanyakan prokariota merupakan organisme uniselular dengan sel berukuran kecil ( dengan diameter 0,7–2,0 µm dan volume sekitar 1 µm ) serta umumnya terdiri dari selubung sel , membran sel , sitoplasma , nukleoid , dan beberapa struktur lain . ? Kebanyakan sel prokariota berukuran kecil ( dengan diameter 0,7–2,0 µm dan volume sekitar 1 µm ) serta terdiri dari selubung sel , membran sel , sitoplasma , nukleoid , dan beberapa struktur lain ."
1,Antropologi mempelajari manusia sebagai makhluk biologis sekaligus makhluk sosial . ? Antropologi berarti ilmu yang memelajari manusia .
1,"Sebuah daftar baru berisi tujuh masalah penting , berjudul Masalah Hadiah Milenium , diterbitkan pada 2000 . ? Sebuah daftar baru berisi tujuh masalah penting , berjudul Masalah Hadiah Milenium yang diterbitkan pada 2000 ."
1,Wales merupakan sebuah negara konstituen atau bagian dari negara resmi Britania Raya . ? Wales merupakan sebuah negara bagian Britania Raya .
1,"Asam deoksiribonukleat atau lebih dikenal dengan singkatan DNA ( bahasa Inggris : deoxyribonucleic acid ) adalah sejenis asam nukleat yang tergolong biomolekul utama penyusun berat kering setiap organisme . ? Asam deoksiribonukleat , lebih dikenal dengan DNA ( bahasa Inggris : deoxyribonucleic acid ) , adalah sejenis asam nukleat yang tergolong biomolekul utama penyusun berat kering setiap organisme ."
1,"Dalam pola keturunan dan pewarisan adat , suku Minang menganut pola matrilineal , yang mana hal ini sangatlah berlainan dari mayoritas budaya manusia yang menganut pola patrilineal . ? Dalam pola keturunan dan pewarisan adat , suku Minang menganut pola matrilineal , yang mana hal ini sangatlah berlainan dari mayoritas masyarakat dunia menganut pola patrilineal ."
1,Anak sebaiknya menjalani tirah baring . ? Anak sebaiknya menjalani istirahat .
0,Sepertinya sulit untuk mendapatkan pendapatan devisa yang besar di timor gap karena Australia telah mengiming - imingi Timor-leste dengan pengelolaanya dan Australia mendapatkan hasil eksploitasinya sebesar 80 % dan sisanya dierikan ke Timor-Leste . ? Timor-Leste mengharapkan bisa mengeksploatasi minyak bumi di Timor Gap .
1,Jawa adalah pulau terpadat di dunia yang terletak di Indonesia . ? Jawa adalah nama sebuah pulau di Indonesia .
1,"Biasanya partikel ini terdiri atas susunan asam nukleat ( bisa berupaDNA atau RNA , tetapi tidak kombinasi keduanya ) yang dilindungi bahan pelindung sejenis protein , terdiri atas protein , lipid , glikoprotein , atau kombinasi ketiganya . ? Biasanya virus mengandung sejumlah kecil asam nukleat ( DNA atau RNA , tetapi tidak kombinasi keduanya ) yang diselubungi semacam bahan pelindung yang terdiri atas protein , lipid , glikoprotein , atau kombinasi ketiganya ."
0,Luas wilayah adalah 2.175.000 km dan merupakan pulau terbesar di dunia . ? Luas wilayah adalah 2.166.086 km² dan merupakan pulau terbesar di dunia .
0,"Ia memotong kayu-kayu di hutan dan dibawa ke pantai dirakit menjadi ghitek ( jawa=getek ) . ? Iapun merubah pakaiannya yaitu memakai kain , baju , dan ikat kepala dari kain poleng ."
0,Ia lulus dari Akademi Militer Kerajaan di Kairo pada 1938 dan ditempatkan di Korps Isyarat . ? Ia lulus dari ITB di Jakarta pada 2005 dan ditempatkan di Korps Isyarat .
0,"Satu hal baik dari reformasi sejalan dengan mundurnya Suharto adalah mundurnya TNI dari parlemen setelah bubarnya Dwi Fungsi ABRI , walaupun pengaruh militer dalam bernegara masih tetap kuat . ? Berkekuatan 400.000 prajurit aktif , memiliki anggaran 4 % dari GDP pada tahun 2006 , tetapi terdapat kontroversi bahwa ada sumber-sumber dana dari kepentingan-kepentingan komersial dan yayasan-yayasan yang dilindungi oleh militer ."
